Date,Open,High,Low,Close,Adj Close,Volume,Day
2018-02-14,76.629997,81.830002,76.599998,81.220001,81.220001,3189900,0
2018-02-15,81.260002,81.540001,78.43,80.919998,80.919998,2867800,1
2018-02-16,80.849998,82.639999,80.5,81.400002,81.400002,1545300,2
2018-02-20,80.870003,81.400002,80.169998,80.580002,80.580002,1365300,3
2018-02-21,80.580002,82.57,80.440002,81.160004,81.160004,1297300,4
2018-02-22,81.25,82.209999,80.709999,80.830002,80.830002,1689700,5
2018-02-23,81.300003,82,79.900002,81.860001,81.860001,1285600,6
2018-02-26,82.43,83,81.220001,82.330002,82.330002,827000,7
2018-02-27,82.650002,83.589996,80.389999,80.459999,80.459999,1409100,8
2018-02-28,81.010002,82.440002,80.949997,81.099998,81.099998,1944900,9
2018-03-01,81.010002,81.940002,79.809998,81.040001,81.040001,1376900,10
2018-03-02,79.779999,82.290001,79.360001,82.07,82.07,887500,11
2018-03-05,81.639999,82.239998,80.760002,81.129997,81.129997,1218400,12
2018-03-06,81.18,83.980003,80.870003,83.690002,83.690002,2864700,13
2018-03-07,82.910004,83.489998,80.639999,81.32,81.32,1724700,14
2018-03-08,81.75,81.989998,80.290001,80.75,80.75,1040200,15
2018-03-09,81.18,82.010002,80.089996,81,81,1589700,16
2018-03-12,81.169998,81.639999,79.610001,80.330002,80.330002,1528200,17
2018-03-13,80.970001,81.550003,79.790001,79.800003,79.800003,1632900,18
2018-03-14,79.949997,80.949997,78.660004,80.75,80.75,2110500,19
2018-03-15,80.730003,81.629997,79.400002,79.610001,79.610001,985300,20
2018-03-16,79.470001,81.459999,79.470001,80.760002,80.760002,1233400,21
2018-03-19,81.029999,81.029999,79.779999,80.279999,80.279999,1144100,22
2018-03-20,80.25,81.589996,80.019997,81.480003,81.480003,1137200,23
2018-03-21,81.480003,81.870003,80.309998,80.699997,80.699997,1685800,24
2018-03-22,80,81.290001,80,81.099998,81.099998,1706400,25
2018-03-23,81.099998,81.620003,79.260002,79.510002,79.510002,2183200,26
2018-03-26,80.190002,80.519997,78.32,80.339996,80.339996,2603700,27
2018-03-27,80.529999,80.709999,77.970001,78.709999,78.709999,4006500,28
2018-03-28,84.25,87.980003,83.059998,85.959999,85.959999,10706800,29
2018-03-29,86.790001,89.540001,86.32,89.120003,89.120003,4849400,30
2018-04-02,89.010002,90.25,86.650002,87.269997,87.269997,3080800,31
2018-04-03,87.440002,88.989998,87.410004,88.669998,88.669998,1974000,32
2018-04-04,87.989998,88.760002,87.360001,88.239998,88.239998,2757400,33
2018-04-05,88.849998,91.440002,88.239998,91.269997,91.269997,3138500,34
2018-04-06,91.080002,91.349998,88.690002,89.610001,89.610001,3203300,35
2018-04-09,90,90.849998,89.349998,89.639999,89.639999,1625900,36
2018-04-10,90.379997,91.190002,90.07,91.010002,91.010002,939300,37
2018-04-11,90.660004,91.839996,90.510002,91.080002,91.080002,1606200,38
2018-04-12,91.260002,92.129997,90.879997,92.019997,92.019997,1266900,39
2018-04-13,92.330002,92.889999,91.190002,91.709999,91.709999,2017700,40
2018-04-16,92,93.809998,91.75,93.760002,93.760002,1981600,41
2018-04-17,94.620003,94.849998,94.029999,94.599998,94.599998,2228300,42
2018-04-18,94.410004,95.660004,94.410004,95,95,2375800,43
2018-04-19,95,95.580002,94.279999,95.290001,95.290001,1532000,44
2018-04-20,95.309998,96.370003,95.129997,96.309998,96.309998,2018800,45
2018-04-23,94.260002,96.959999,94.199997,96.639999,96.639999,2778700,46
2018-04-24,97.480003,97.980003,96.470001,96.900002,96.900002,2171100,47
2018-04-25,97.639999,97.970001,96.639999,97.849998,97.849998,1463400,48
2018-04-26,97.980003,98.809998,97.849998,98.419998,98.419998,1668700,49
2018-04-27,98.540001,99.389999,98.309998,99.169998,99.169998,2035400,50
2018-04-30,99.580002,100.57,99.349998,99.800003,99.800003,1497100,51
2018-05-01,99.449997,99.93,98.760002,99.699997,99.699997,1299800,52
2018-05-02,99.889999,100.730003,99.400002,99.739998,99.739998,1244500,53
2018-05-03,99.07,100.449997,99,99.860001,99.860001,1442900,54
2018-05-04,99.489998,99.650002,95.389999,95.489998,95.489998,3797600,55
2018-05-07,95.760002,97.510002,95.760002,97.169998,97.169998,2420900,56
2018-05-08,96.830002,98.279999,96.790001,98.199997,98.199997,1006800,57
2018-05-09,98.190002,99.059998,97.440002,98.959999,98.959999,919200,58
2018-05-10,99.309998,99.459999,97.279999,97.910004,97.910004,1167600,59
2018-05-11,97.769997,98.699997,97.550003,98.540001,98.540001,910600,60
2018-05-14,98.940002,98.970001,98.040001,98.720001,98.720001,1508100,61
2018-05-15,98.209999,99.910004,97.779999,98.949997,98.949997,1135900,62
2018-05-16,99.400002,101.940002,99,101.650002,101.650002,1430100,63
2018-05-17,101.720001,103.040001,101.370003,102,102,1106700,64
2018-05-18,101.5,103.120003,101.5,102.82,102.82,1684800,65
2018-05-21,103.489998,105.260002,103.160004,103.739998,103.739998,1864800,66
2018-05-22,103.75,104.129997,102.75,102.879997,102.879997,1806900,67
2018-05-23,102.550003,106.540001,102.019997,105.269997,105.269997,2691200,68
2018-05-24,105.059998,106.68,104.870003,106.410004,106.410004,1763700,69
2018-05-25,107.040001,107.489998,105.760002,106.18,106.18,1536600,70
2018-05-29,106.25,107.68,105.510002,105.68,105.68,2100700,71
2018-05-30,105.940002,106.980003,104.599998,105.629997,105.629997,3369700,72
2018-05-31,106.150002,106.459999,103.800003,105.050003,105.050003,4994800,73
2018-06-01,113.949997,123.839996,113.199997,122.190002,122.190002,14155500,74
2018-06-04,122.620003,125.099998,121.529999,124.980003,124.980003,3986200,75
2018-06-05,124.699997,125.769997,123.919998,124.050003,124.050003,2776300,76
2018-06-06,124.169998,126.849998,123.879997,124.190002,124.190002,2471300,77
2018-06-07,124.699997,126.470001,122.220001,122.699997,122.699997,2647600,78
2018-06-08,121.470001,122.949997,120.589996,122.019997,122.019997,3347500,79
2018-06-11,122.720001,122.75,120.550003,122.370003,122.370003,2779800,80
2018-06-12,122.519997,125.230003,122.150002,124.959999,124.959999,1959000,81
2018-06-13,125.379997,127.339996,124.68,125.129997,125.129997,3320800,82
2018-06-14,125.089996,126.419998,124.639999,125.879997,125.879997,2075800,83
2018-06-15,124.209999,128.910004,123.550003,128.369995,128.369995,2195300,84
2018-06-18,127.589996,129.789993,126.900002,129.690002,129.690002,1805100,85
2018-06-19,128.300003,129.320007,126.830002,128.100006,128.100006,2022300,86
2018-06-20,128.490005,128.509995,127.07,128.270004,128.270004,1237700,87
2018-06-21,128.539993,129.580002,126.730003,127.709999,127.709999,1304300,88
2018-06-22,128.600006,128.600006,124.169998,124.18,124.18,2792000,89
2018-06-25,124.260002,126.43,122.470001,124.860001,124.860001,1916100,90
2018-06-26,127,127.599998,125.279999,126.790001,126.790001,1620000,91
2018-06-27,126.5,127.589996,123.050003,123.879997,123.879997,1618800,92
2018-06-28,123.790001,125.260002,122.779999,124.940002,124.940002,1816200,93
2018-06-29,126.239998,127.489998,124.849998,124.849998,124.849998,1143000,94
2018-07-02,124.989998,125.529999,123.230003,125.480003,125.480003,1387100,95
2018-07-03,126.120003,126.800003,124.970001,125.230003,125.230003,1280800,96
2018-07-05,125.809998,125.809998,123.949997,124.519997,124.519997,1323500,97
2018-07-06,124.730003,128.880005,124.5,128.539993,128.539993,2077100,98
2018-07-09,130,130.490005,125.879997,126.529999,126.529999,2049000,99
2018-07-10,126.849998,128.229996,126.269997,127.379997,127.379997,1224500,100
2018-07-11,126.190002,126.449997,124.620003,125.660004,125.660004,1060400,101
2018-07-12,126.470001,126.639999,125.019997,125.720001,125.720001,762800,102
2018-07-13,125.940002,126.830002,124.910004,125.449997,125.449997,881000,103
2018-07-16,125.269997,127.489998,124.790001,127.260002,127.260002,905300,104
2018-07-17,127.019997,130.410004,127.019997,129.449997,129.449997,2422700,105
2018-07-18,129.360001,129.949997,127.519997,128.809998,128.809998,1155600,106
2018-07-19,128.699997,129.009995,127,127.790001,127.790001,1069900,107
2018-07-20,127.599998,128.899994,126.290001,126.449997,126.449997,1409300,108
2018-07-23,126.449997,126.970001,125.07,125.370003,125.370003,1273800,109
2018-07-24,125.93,126.389999,122.400002,122.980003,122.980003,1689100,110
2018-07-25,123.660004,125.489998,122.940002,125.029999,125.029999,1326200,111
2018-07-26,124.75,126.160004,123.190002,124.489998,124.489998,1003800,112
2018-07-27,124.419998,124.919998,118.849998,120,120,1858100,113
2018-07-30,120.040001,121.25,118.650002,118.839996,118.839996,1303200,114
2018-07-31,118.860001,120.650002,117.660004,119.949997,119.949997,1073500,115
2018-08-01,120.18,121.809998,119.550003,120.550003,120.550003,1886200,116
2018-08-02,120.93,125.220001,120.529999,124.389999,124.389999,1793700,117
2018-08-03,124.349998,126.330002,124.349998,126.080002,126.080002,1984100,118
2018-08-06,125.989998,126.519997,124.379997,126.309998,126.309998,1267200,119
2018-08-07,127.080002,127.300003,124.989998,125.580002,125.580002,1442400,120
2018-08-08,125.769997,127.650002,124.849998,127.18,127.18,1534300,121
2018-08-09,127.739998,128.690002,127.110001,128.160004,128.160004,925600,122
2018-08-10,127.480003,130.759995,126.779999,130.520004,130.520004,1873900,123
2018-08-13,131.080002,131.880005,129.289993,129.940002,129.940002,1786600,124
2018-08-14,130.5,130.919998,127.589996,129.470001,129.470001,1860100,125
2018-08-15,128.899994,128.899994,125.059998,126.449997,126.449997,1320700,126
2018-08-16,129.199997,130.479996,127.169998,129.470001,129.470001,1336400,127
2018-08-17,130.25,130.899994,129.080002,130.190002,130.190002,1061600,128
2018-08-20,130.929993,137.190002,130.309998,136.669998,136.669998,2691700,129
2018-08-21,137.300003,139.639999,134.690002,135.610001,135.610001,1593600,130
2018-08-22,136.279999,138.240005,135.380005,135.479996,135.479996,1294300,131
2018-08-23,135.490005,137.570007,134.610001,136.199997,136.199997,1049500,132
2018-08-24,137.149994,140.330002,136.679993,138.759995,138.759995,1884400,133
2018-08-27,139.220001,140.419998,137.789993,138.160004,138.160004,1469300,134
2018-08-28,138.320007,139.270004,137.119995,138.679993,138.679993,1907700,135
2018-08-29,138.699997,138.940002,135.080002,138.699997,138.699997,2154600,136
2018-08-30,137.800003,138.380005,135.690002,137,137,4293400,137
2018-08-31,153.300003,159.789993,153.009995,154.929993,154.929993,14304200,138
2018-09-04,154.860001,160,154.710007,157.289993,157.289993,4466300,139
2018-09-05,157.169998,157.289993,152.080002,152.740005,152.740005,2638400,140
2018-09-06,153.570007,154.970001,150.779999,151,151,2365600,141
2018-09-07,150.740005,153.990005,150.589996,150.820007,150.820007,2052400,142
2018-09-10,151.5,154.779999,151.5,154.110001,154.110001,1365500,143
2018-09-11,154.169998,155.25,152.199997,153.229996,153.229996,1486500,144
2018-09-12,153.300003,154.070007,150.869995,153.009995,153.009995,1372300,145
2018-09-13,153.160004,154.820007,152.199997,154.600006,154.600006,1275800,146
2018-09-14,154.729996,155.639999,152.470001,153.710007,153.710007,1193300,147
2018-09-17,159.100006,160.679993,154.820007,155.380005,155.380005,2620000,148
2018-09-18,155.690002,158.940002,153.800003,158.440002,158.440002,1434300,149
2018-09-19,158.630005,158.630005,154.050003,155.210007,155.210007,1621100,150
2018-09-20,155.449997,156.399994,154.389999,155.970001,155.970001,1241400,151
2018-09-21,156.589996,158.130005,154.630005,156.990005,156.990005,2070600,152
2018-09-24,156.789993,157.779999,156.029999,157.339996,157.339996,1196100,153
2018-09-25,157.550003,159.080002,157.080002,158.410004,158.410004,1220400,154
2018-09-26,157.75,159.880005,156.770004,158.960007,158.960007,1010500,155
2018-09-27,160,161.5,158.660004,161.240005,161.240005,1682400,156
2018-09-28,161.25,164.139999,161.25,162.490005,162.490005,1525200,157
2018-10-01,163.800003,164.789993,161.190002,161.639999,161.639999,1012900,158
2018-10-02,162.880005,163.130005,160,160.199997,160.199997,1336200,159
2018-10-03,161.25,161.830002,159.350006,161.520004,161.520004,1237700,160
2018-10-04,160.220001,161.080002,156.330002,157.039993,157.039993,1484800,161
2018-10-05,156.690002,158.339996,151.460007,153.839996,153.839996,2133800,162
2018-10-08,153.020004,154.919998,148.339996,150.779999,150.779999,2739500,163
2018-10-09,149.839996,153.449997,149,150.25,150.25,1592400,164
2018-10-10,149.169998,149.559998,140.399994,140.679993,140.679993,2542600,165
2018-10-11,139.289993,144.910004,137.679993,140.509995,140.509995,2169500,166
2018-10-12,145.529999,146.899994,141.070007,143.710007,143.710007,3529000,167
2018-10-15,146.789993,146.979996,142.860001,144.460007,144.460007,1626400,168
2018-10-16,145.559998,147.220001,142.970001,146.830002,146.830002,1859900,169
2018-10-17,146.979996,147.770004,142.75,143.570007,143.570007,1286700,170
2018-10-18,143.089996,145.649994,140.919998,142.679993,142.679993,1748000,171
2018-10-19,143.479996,144.100006,136.529999,136.770004,136.770004,2090700,172
2018-10-22,136.470001,140.899994,136.020004,139.949997,139.949997,1979300,173
2018-10-23,137.210007,137.720001,133.130005,137.429993,137.429993,2004300,174
2018-10-24,140.800003,140.970001,134.160004,134.289993,134.289993,1771100,175
2018-10-25,134.309998,138.589996,134,137.220001,137.220001,1664900,176
2018-10-26,134.490005,136.669998,133.139999,134.820007,134.820007,1712400,177
2018-10-29,136.690002,139.149994,133.949997,135.880005,135.880005,1726800,178
2018-10-30,135.360001,142.630005,135.119995,142.130005,142.130005,2120700,179
2018-10-31,143.75,146.600006,140.660004,140.729996,140.729996,2360600,180
2018-11-01,141.660004,144.649994,138.970001,144.169998,144.169998,1665000,181
2018-11-02,145.369995,145.449997,140.039993,142.020004,142.020004,1499300,182
2018-11-05,143.279999,143.839996,139.149994,142.199997,142.199997,1515100,183
2018-11-06,141.830002,143.600006,139.919998,141.130005,141.130005,1402400,184
2018-11-07,141.770004,144.559998,139.679993,143.229996,143.229996,1706400,185
2018-11-08,143.270004,143.789993,140.110001,142.270004,142.270004,1516300,186
2018-11-09,141.389999,142,136.380005,137.559998,137.559998,1693400,187
2018-11-12,137.279999,138.360001,134.660004,135.419998,135.419998,1739600,188
2018-11-13,135.529999,140.350006,134.649994,138.699997,138.699997,1835300,189
2018-11-14,140.869995,144.070007,138.380005,140.130005,140.130005,2621600,190
2018-11-15,138.330002,139.979996,134.699997,139.830002,139.830002,1850400,191
2018-11-16,138.080002,138.080002,134.350006,134.529999,134.529999,1788100,192
2018-11-19,134.5,135.880005,126.620003,126.989998,126.989998,2698700,193
2018-11-20,119.449997,124.949997,118.519997,121.389999,121.389999,3049400,194
2018-11-21,122.190002,124.629997,121.870003,123.879997,123.879997,1888100,195
2018-11-23,122.5,124.010002,120.610001,120.860001,120.860001,841400,196
2018-11-26,122.040001,125.419998,121.870003,123.760002,123.760002,3322100,197
2018-11-27,122.900002,124.339996,121.400002,122.769997,122.769997,1465000,198
2018-11-28,123.940002,129.289993,123.940002,128.990005,128.990005,2213300,199
2018-11-29,128.029999,130.440002,126.839996,129.460007,129.460007,2087000,200
2018-11-30,129.25,133.259995,129.25,132.550003,132.550003,2660400,201
2018-12-03,137,140.080002,134.100006,139.889999,139.889999,3654000,202
2018-12-04,139.5,139.580002,131.320007,133.619995,133.619995,3244300,203
2018-12-06,133,134.710007,126.559998,131.440002,131.440002,5622300,204
2018-12-07,132,136.259995,113.610001,113.870003,113.870003,8058700,205
2018-12-10,113.349998,116.589996,112.370003,115.010002,115.010002,3938200,206
2018-12-11,117.029999,119.93,115.800003,116.849998,116.849998,3047000,207
2018-12-12,120.209999,123.529999,118.5,122.650002,122.650002,4589200,208
2018-12-13,122.989998,125.800003,118.150002,120.199997,120.199997,4675300,209
2018-12-14,118.43,122.150002,117.610001,119.120003,119.120003,2954000,210
2018-12-17,119.830002,122,117.5,118.870003,118.870003,3901500,211
2018-12-18,120.019997,122.410004,118.379997,119.199997,119.199997,3708800,212
2018-12-19,119.519997,120.769997,114.150002,115.709999,115.709999,2759200,213
2018-12-20,114.830002,118.209999,111.339996,115.010002,115.010002,3271600,214
2018-12-21,116.760002,119.75,113.529999,113.739998,113.739998,5420500,215
2018-12-24,112.209999,115.889999,110.709999,113.260002,113.260002,1627000,216
2018-12-26,114.129997,122.739998,114.099998,122.660004,122.660004,2557300,217
2018-12-27,120.639999,124.18,118.690002,123.339996,123.339996,1950300,218
2018-12-28,124.400002,125.370003,120.639999,121.400002,121.400002,2167000,219
2018-12-31,123.120003,123.339996,120.559998,121.610001,121.610001,1447300,220
2019-01-02,118.889999,124.589996,118.279999,123.349998,123.349998,2085800,221
2019-01-03,121.849998,126.120003,120.32,124.360001,124.360001,2896800,222
2019-01-04,125.849998,129.570007,125.309998,128.550003,128.550003,2184600,223
2019-01-07,129.330002,135.100006,129.330002,134.100006,134.100006,2860000,224
2019-01-08,135.520004,137.179993,133.669998,135.860001,135.860001,2322600,225
2019-01-09,137.5,137.509995,134.639999,136,136,3339000,226
2019-01-10,131.029999,132.410004,129.5,131.610001,131.610001,3402100,227
2019-01-11,130.970001,133.149994,130.570007,132.160004,132.160004,2949700,228
2019-01-14,136.639999,145,135.380005,139.729996,139.729996,7152000,229
2019-01-15,139.360001,141.649994,138.509995,141.130005,141.130005,2619600,230
2019-01-16,142.360001,143.25,141.369995,142.240005,142.240005,1783500,231
2019-01-17,141.729996,146.039993,141.729996,145.139999,145.139999,3012100,232
2019-01-18,147.520004,152.179993,147.070007,152.070007,152.070007,3277100,233
2019-01-22,150.520004,151.660004,148.320007,149.470001,149.470001,1828200,234
2019-01-23,151.429993,151.729996,147.75,149.850006,149.850006,1602100,235
2019-01-24,150,150.259995,147.229996,148.429993,148.429993,2033600,236
2019-01-25,150,152.809998,148.429993,151.889999,151.889999,1731700,237
2019-01-28,150.339996,150.770004,148.619995,149.699997,149.699997,1417000,238
2019-01-29,149.830002,149.929993,147.809998,148.949997,148.949997,1297400,239
2019-01-30,150.139999,150.399994,148.229996,148.610001,148.610001,1380000,240
2019-01-31,148.309998,148.929993,146.309998,147.809998,147.809998,2517100,241
2019-02-01,147.449997,147.850006,144.360001,146.119995,146.119995,1749900,242
2019-02-04,145.339996,147.449997,144.679993,146.639999,146.639999,1689800,243
2019-02-05,147.550003,151.570007,146.679993,146.889999,146.889999,2138500,244
2019-02-06,146.960007,147.270004,143.470001,145.759995,145.759995,1452900,245
2019-02-07,144.330002,147.669998,143.059998,147.630005,147.630005,1803200,246
2019-02-08,147.130005,150,147,148.619995,148.619995,1450400,247
2019-02-11,149.699997,151.929993,149.279999,149.789993,149.789993,1509200,248
2019-02-12,150.860001,157.550003,150.570007,157.320007,157.320007,4021900,249
2019-02-13,157.940002,158.669998,154.110001,155.270004,155.270004,2090600,250
2019-02-14,153.509995,156.419998,152.350006,154.850006,154.850006,1121000,251
2019-02-15,155.600006,156.229996,150.539993,151.089996,151.089996,1925900,252
2019-02-19,149.179993,149.800003,145.529999,147.570007,147.570007,2451500,253
2019-02-20,147.449997,149.509995,147.029999,148.119995,148.119995,1396900,254
2019-02-21,147.470001,149.110001,147.050003,148.110001,148.110001,977300,255
2019-02-22,148.699997,149.360001,147.5,149.259995,149.259995,966400,256
2019-02-25,150.119995,151.509995,148.050003,148.539993,148.539993,1216900,257
2019-02-26,148.199997,151.399994,148.190002,150.979996,150.979996,1469000,258
2019-02-27,150,152.149994,149.050003,150.559998,150.559998,1146300,259
2019-02-28,150.179993,151.229996,148.529999,150.419998,150.419998,1234600,260
2019-03-01,152.559998,153.949997,150.190002,151.380005,151.380005,1671900,261
2019-03-04,152.100006,152.889999,146.460007,147.779999,147.779999,1450000,262
2019-03-05,148.070007,149.679993,147.449997,148.899994,148.899994,983300,263
2019-03-06,149.600006,150.229996,147.660004,149.089996,149.089996,805300,264
2019-03-07,148.369995,148.919998,146.419998,147.699997,147.699997,1465100,265
2019-03-08,146.009995,146.619995,141.779999,142.509995,142.509995,2785400,266
2019-03-11,143,145.539993,142.350006,145.289993,145.289993,2086500,267
2019-03-12,145.279999,146.059998,142.669998,145.789993,145.789993,2090100,268
2019-03-13,146.149994,147.710007,145.25,145.410004,145.410004,1309800,269
2019-03-14,145.089996,145.089996,141.009995,144.179993,144.179993,2284200,270
2019-03-15,145.229996,145.479996,141.550003,141.789993,141.789993,2251100,271
2019-03-18,141.649994,144.490005,141.509995,144.330002,144.330002,1587700,272
2019-03-19,144.660004,146.300003,143.770004,144.990005,144.990005,1176500,273
2019-03-20,145.419998,145.5,142.130005,144.350006,144.350006,1267900,274
2019-03-21,144.639999,149.550003,144.539993,148.910004,148.910004,1672900,275
2019-03-22,145.729996,147.630005,142.240005,143.210007,143.210007,2644600,276
2019-03-25,142.910004,147.369995,141.339996,146.580002,146.580002,2539900,277
2019-03-26,148.009995,148.429993,142.800003,143.559998,143.559998,3010800,278
2019-03-27,144.320007,146.860001,143.880005,146.800003,146.800003,5524400,279
2019-03-28,169.149994,171.449997,166.100006,167.539993,167.539993,14698300,280
2019-03-29,165.910004,168.300003,162.949997,163.869995,163.869995,7223700,281
2019-04-01,164.759995,167.199997,163.220001,165.520004,165.520004,3958200,282
2019-04-02,165.610001,166.699997,164.009995,165.470001,165.470001,2207600,283
2019-04-03,165.600006,167.5,163.949997,166.210007,166.210007,1827900,284
2019-04-04,166.270004,171.690002,166.149994,171.369995,171.369995,2790400,285
2019-04-05,172.039993,172.899994,168.839996,169.369995,169.369995,1951900,286
2019-04-08,168.779999,170.399994,168.360001,169.770004,169.770004,2135300,287
2019-04-09,169.410004,169.800003,165.529999,167.520004,167.520004,2475600,288
2019-04-10,168.300003,169.820007,166.679993,167.460007,167.460007,1573800,289
2019-04-11,167.690002,168.660004,166.929993,168,168,1409400,290
2019-04-12,168.5,170.679993,167.5,169.880005,169.880005,1523400,291
2019-04-15,170.020004,173.070007,170.020004,172.009995,172.009995,2475600,292
2019-04-16,173,173.320007,168.729996,169.330002,169.330002,1759700,293
2019-04-17,169.889999,171.990005,167.929993,171.229996,171.229996,1674600,294
2019-04-18,171.740005,174.639999,169.720001,173.309998,173.309998,2293200,295
2019-04-22,173.199997,173.660004,172.039993,173.020004,173.020004,1260900,296
2019-04-23,174.509995,177.160004,173.029999,176.779999,176.779999,2411900,297
2019-04-24,177.789993,179.5,174.410004,178.270004,178.270004,2474900,298
2019-04-25,178.339996,179.220001,176.610001,177.289993,177.289993,1713300,299
2019-04-26,177.75,178.039993,175.410004,177.089996,177.089996,1585600,300
2019-04-29,176.610001,178.850006,176.5,177.5,177.5,1798700,301
2019-04-30,177.259995,177.75,175.630005,176.350006,176.350006,1268800,302
2019-05-01,176.229996,178.270004,175.580002,175.669998,175.669998,1306800,303
2019-05-02,176.649994,177.75,174.809998,176.550003,176.550003,1369500,304
2019-05-03,176.839996,178.979996,176.009995,178.639999,178.639999,1036600,305
2019-05-06,175.199997,178.220001,174.589996,177.690002,177.690002,919900,306
2019-05-07,177,177.5,172.100006,173.979996,173.979996,1818600,307
2019-05-08,173.860001,177,172.789993,175.169998,175.169998,1008300,308
2019-05-09,173.529999,174.889999,171.279999,173.710007,173.710007,1218400,309
2019-05-10,173.509995,175.110001,170.009995,173.679993,173.679993,1120500,310
2019-05-13,170,171.130005,166.220001,167.570007,167.570007,2019700,311
2019-05-14,168.539993,171.509995,167.320007,170.679993,170.679993,1684300,312
2019-05-15,169.820007,173.75,168.850006,172.880005,172.880005,1223300,313
2019-05-16,173.899994,177.059998,173.679993,176.800003,176.800003,1330000,314
2019-05-17,176.490005,176.649994,172.559998,173,173,1577400,315
2019-05-20,171.050003,174.860001,170.279999,174.149994,174.149994,1077000,316
2019-05-21,174.880005,177.270004,174.600006,176.529999,176.529999,1444800,317
2019-05-22,176,176.210007,174.529999,175.720001,175.720001,877500,318
2019-05-23,173.559998,174.929993,169.990005,170.199997,170.199997,1654100,319
2019-05-24,171.169998,173.240005,170.550003,172.720001,172.720001,1509600,320
2019-05-28,173.110001,176.039993,173.020004,173.550003,173.550003,2222300,321
2019-05-29,172.440002,172.800003,160.880005,161.589996,161.589996,4857100,322
2019-05-30,161.570007,165.289993,161.570007,163.850006,163.850006,1915300,323
2019-05-31,161.050003,165.630005,160.880005,165.589996,165.589996,1663700,324
2019-06-03,165.830002,167.5,162.289993,163.869995,163.869995,1634900,325
2019-06-04,165.399994,169.360001,165.020004,169,169,1273600,326
2019-06-05,170.139999,173.820007,169.380005,173.520004,173.520004,1814500,327
2019-06-06,173.509995,173.539993,169.710007,170.380005,170.380005,1685700,328
2019-06-07,171.660004,172.800003,169.589996,172.490005,172.490005,1846600,329
2019-06-10,174.339996,176.380005,170.979996,171.350006,171.350006,1930900,330
2019-06-11,172.309998,173.940002,170.309998,171.630005,171.630005,2016200,331
2019-06-12,171.929993,173.449997,169.289993,170.889999,170.889999,5417600,332
2019-06-13,181.990005,182.889999,172.5,174.520004,174.520004,11076700,333
2019-06-14,173.039993,177.720001,171.600006,176.710007,176.710007,3635700,334
2019-06-17,177.740005,184.679993,177.089996,183.339996,183.339996,3987500,335
2019-06-18,185.570007,188.800003,184.449997,188.029999,188.029999,3034100,336
2019-06-19,188.100006,189,186.089996,187.100006,187.100006,1827600,337
2019-06-20,189.199997,190.520004,185.369995,186.5,186.5,2366000,338
2019-06-21,184.600006,184.800003,180.850006,181.869995,181.869995,4115900,339
2019-06-24,182.160004,184.309998,181.550003,182.639999,182.639999,2053200,340
2019-06-25,182.639999,182.889999,175.169998,177.259995,177.259995,2708600,341
2019-06-26,178.080002,180.740005,177.029999,177.309998,177.309998,1944500,342
2019-06-27,177.720001,180.690002,177.089996,180.110001,180.110001,1410700,343
2019-06-28,181,181.110001,178.649994,180.210007,180.210007,3067000,344
2019-07-01,182.330002,183.830002,179.309998,179.949997,179.949997,1813300,345
2019-07-02,179.949997,182.699997,179.589996,180.860001,180.860001,1859500,346
2019-07-03,181.509995,184.470001,180.800003,183.990005,183.990005,1178800,347
2019-07-05,183.199997,183.460007,180.699997,183.210007,183.210007,1511700,348
2019-07-08,181.860001,186.949997,181.600006,186.800003,186.800003,1882900,349
2019-07-09,184.929993,186.5,183.899994,186.050003,186.050003,2323100,350
2019-07-10,187,187.320007,183.160004,183.869995,183.869995,1467000,351
2019-07-11,183.710007,184.410004,181.600006,183.070007,183.070007,1244600,352
2019-07-12,185,190.520004,184.610001,189.520004,189.520004,3094500,353
2019-07-15,189.720001,191.440002,186.75,189.169998,189.169998,1815400,354
2019-07-16,189.320007,191.139999,187.669998,190.179993,190.179993,1430100,355
2019-07-17,190.330002,190.960007,188.990005,190.380005,190.380005,959700,356
2019-07-18,189.559998,190.5,187.100006,189.389999,189.389999,1114900,357
2019-07-19,190.100006,190.550003,187.880005,187.940002,187.940002,952800,358
2019-07-22,189.460007,189.660004,186.080002,187.75,187.75,970100,359
2019-07-23,189,189.839996,186.710007,189.070007,189.070007,1040800,360
2019-07-24,189.070007,192.419998,189.070007,192.210007,192.210007,1067800,361
2019-07-25,192.949997,193.710007,190.699997,191.210007,191.210007,1017100,362
2019-07-26,192.25,192.740005,189.809998,190.610001,190.610001,899000,363
2019-07-29,190.669998,192.339996,188.679993,192.089996,192.089996,841800,364
2019-07-30,190.979996,193.460007,189.460007,191.770004,191.770004,1075500,365
2019-07-31,191,194.25,189.039993,191.089996,191.089996,1256800,366
2019-08-01,191.279999,192.149994,184.070007,185.449997,185.449997,1662300,367
2019-08-02,184.600006,184.889999,177.600006,178.929993,178.929993,1937700,368
2019-08-05,173.600006,176.550003,172.119995,174.460007,174.460007,2364500,369
2019-08-06,176.5,180.460007,175.820007,179.630005,179.630005,1371900,370
2019-08-07,177.440002,181.589996,176.020004,181.360001,181.360001,1009300,371
2019-08-08,182.600006,186.880005,182.259995,186.350006,186.350006,1481200,372
2019-08-09,185.350006,186,180.940002,182.820007,182.820007,950700,373
2019-08-12,182,182.050003,177.660004,178.820007,178.820007,965400,374
2019-08-13,177.619995,183.720001,176.419998,179.589996,179.589996,1677500,375
2019-08-14,176.050003,176.860001,174.009995,174.679993,174.679993,1770800,376
2019-08-15,176.199997,176.350006,172.440002,175.440002,175.440002,1136600,377
2019-08-16,177.509995,179.539993,176.179993,177.830002,177.830002,977600,378
2019-08-19,179.949997,181.029999,177.369995,178.669998,178.669998,1181500,379
2019-08-20,178.839996,180.600006,177.240005,179.669998,179.669998,1039200,380
2019-08-21,182,183.529999,179.910004,183.330002,183.330002,971300,381
2019-08-22,183.880005,185.119995,180.779999,183.970001,183.970001,1070600,382
2019-08-23,183,184.119995,178.830002,180.029999,180.029999,1654100,383
2019-08-26,182.979996,182.979996,180.160004,182.350006,182.350006,805400,384
2019-08-27,182.949997,183.800003,179.800003,180.110001,180.110001,1428400,385
2019-08-28,179.25,183.080002,178.529999,182.699997,182.699997,893100,386
2019-08-29,184.830002,187.199997,184.160004,186.059998,186.059998,1423100,387
2019-08-30,187.479996,187.740005,182.589996,184.669998,184.669998,1239900,388
2019-09-03,183.529999,184.259995,178.259995,179.539993,179.539993,2558300,389
2019-09-04,180.649994,181.860001,179.990005,180.699997,180.699997,2098900,390
2019-09-05,184,188.949997,183.880005,188.410004,188.410004,5871700,391
2019-09-06,197.789993,204.440002,197.75,203.139999,203.139999,10969400,392
2019-09-09,203.509995,203.759995,194.059998,194.389999,194.389999,3878600,393
2019-09-10,194.289993,194.289993,190.899994,193.259995,193.259995,2538300,394
2019-09-11,193.020004,198.779999,192,196.410004,196.410004,2173600,395
2019-09-12,198.169998,201.550003,196.880005,198.729996,198.729996,2322500,396
2019-09-13,198.800003,199.419998,194.860001,195.179993,195.179993,1512700,397
2019-09-16,194.160004,194.910004,192.119995,193.699997,193.699997,1310800,398
2019-09-17,193.5,197.330002,193.380005,195.470001,195.470001,1201900,399
2019-09-18,195.460007,197.160004,192.649994,195.360001,195.360001,1410500,400
2019-09-19,195.699997,196.059998,193.169998,193.610001,193.610001,1319300,401
2019-09-20,194.080002,196.039993,189.179993,189.300003,189.300003,2431000,402
2019-09-23,190.699997,195.869995,190.699997,195.179993,195.179993,2339800,403
2019-09-24,196.449997,196.789993,190.740005,193.850006,193.850006,2009300,404
2019-09-25,193.940002,195.100006,190.570007,193.020004,193.020004,1335000,405
2019-09-26,192.360001,193.929993,189.639999,191.539993,191.539993,962400,406
2019-09-27,192.679993,192.960007,188.550003,189.720001,189.720001,1117900,407
2019-09-30,190.320007,193.410004,190.050003,192.529999,192.529999,1213300,408
2019-10-01,193.410004,194.070007,191.320007,192.690002,192.690002,1317200,409
2019-10-02,190.919998,191.75,187.119995,189.130005,189.130005,1351900,410
2019-10-03,188.759995,190.300003,185.360001,190.149994,190.149994,1382800,411
2019-10-04,190.449997,193.429993,189.949997,193.119995,193.119995,1193700,412
2019-10-07,191.919998,193.399994,190.809998,191.660004,191.660004,1162200,413
2019-10-08,190.059998,194.240005,188.940002,191.369995,191.369995,1150500,414
2019-10-09,193.850006,194.5,192,192.160004,192.160004,904300,415
2019-10-10,192.279999,198.220001,191.610001,198.130005,198.130005,2435700,416
2019-10-11,199.550003,202.979996,199.550003,201.619995,201.619995,2285700,417
2019-10-14,201.889999,205.110001,201.240005,203.039993,203.039993,1826100,418
2019-10-15,203.399994,205.399994,202.309998,203.889999,203.889999,2059300,419
2019-10-16,202.360001,203.929993,201.669998,203.080002,203.080002,1440000,420
2019-10-17,204.800003,205.649994,204.229996,204.960007,204.960007,1308200,421
2019-10-18,203.699997,209.020004,203.309998,207.110001,207.110001,2358000,422
2019-10-21,207.160004,207.649994,203,205.279999,205.279999,1563400,423
2019-10-22,206.419998,207.169998,203.960007,204.399994,204.399994,1038300,424
2019-10-23,204.050003,206.419998,203.5,205.460007,205.460007,1067700,425
2019-10-24,205.220001,206.880005,204.910004,206.839996,206.839996,835800,426
2019-10-25,206.350006,208.059998,205,208,208,993500,427
2019-10-28,203.899994,207.529999,203,205.970001,205.970001,2423900,428
2019-10-29,206.130005,207.479996,204.660004,205.580002,205.580002,1179100,429
2019-10-30,205.770004,206.110001,204.300003,205.850006,205.850006,1283600,430
2019-10-31,205.350006,207.399994,203.149994,204.270004,204.270004,1802500,431
2019-11-01,205.179993,205.660004,199.229996,200.690002,200.690002,2010600,432
2019-11-04,203.889999,204,194.149994,196.479996,196.479996,2671000,433
2019-11-05,197,197.889999,191.210007,194.339996,194.339996,2104600,434
2019-11-06,196.979996,200.899994,194.289993,200.740005,200.740005,2484800,435
2019-11-07,202,203.550003,200.899994,202.820007,202.820007,1791400,436
2019-11-08,202.580002,204.309998,202.270004,204.130005,204.130005,1302600,437
2019-11-11,203.25,207.190002,202.690002,207.190002,207.190002,1262500,438
2019-11-12,207.179993,208.740005,206.669998,207.809998,207.809998,1726900,439
2019-11-13,207.589996,211.309998,206.960007,211.110001,211.110001,1721800,440
2019-11-14,210.039993,213.639999,210,213.220001,213.220001,1252800,441
2019-11-15,214.309998,216.050003,212.259995,215.910004,215.910004,1492700,442
2019-11-18,214.5,219.080002,213.960007,218.460007,218.460007,2023600,443
2019-11-19,217.789993,219.970001,216.509995,216.880005,216.880005,1731000,444
2019-11-20,216.839996,218.059998,215.330002,217.039993,217.039993,1534600,445
2019-11-21,216.979996,218.899994,216.509995,216.740005,216.740005,978000,446
2019-11-22,218,220,215.110001,219.899994,219.899994,1998500,447
2019-11-25,222.029999,226.660004,222,222.160004,222.160004,1812900,448
2019-11-26,223.259995,225.009995,220.25,222.839996,222.839996,1522000,449
2019-11-27,223.889999,229.649994,223.039993,228.830002,228.830002,1772500,450
2019-11-29,228.740005,228.839996,225.570007,225.690002,225.690002,783500,451
2019-12-02,226.25,227,222.809998,225.529999,225.529999,1420100,452
2019-12-03,222.570007,223.990005,220.899994,223.190002,223.190002,1465000,453
2019-12-04,225,226.330002,223.479996,225.580002,225.580002,1555500,454
2019-12-05,227.5,230.820007,226.279999,230.789993,230.789993,1388900,455
2019-12-06,232.559998,233.119995,229.059998,229.380005,229.380005,1921700,456
2019-12-09,232.029999,233.529999,230.229996,230.880005,230.880005,2131300,457
2019-12-10,231.669998,231.699997,227.070007,229.649994,229.649994,2920200,458
2019-12-11,229.899994,235.5,228,233.190002,233.190002,5272000,459
2019-12-12,226.050003,228.820007,218.179993,224.470001,224.470001,11270200,460
2019-12-13,220.429993,225.5,218.809998,223.550003,223.550003,5234700,461
2019-12-16,224.720001,227.320007,223.759995,225.350006,225.350006,2771000,462
2019-12-17,225.830002,226.440002,221.460007,222.979996,222.979996,2310300,463
2019-12-18,223.970001,225.600006,223.300003,224.309998,224.309998,2071200,464
2019-12-19,223.789993,224.75,222.270004,224.130005,224.130005,1808600,465
2019-12-20,224.690002,230.570007,224.389999,230.289993,230.289993,3295500,466
2019-12-23,230.800003,231.139999,227.070007,228.130005,228.130005,1453000,467
2019-12-24,228.470001,229.410004,227.110001,229.029999,229.029999,613600,468
2019-12-26,229.389999,233.419998,229.309998,231.169998,231.169998,1790500,469
2019-12-27,232.559998,232.789993,229.759995,230.020004,230.020004,1515700,470
2019-12-30,229.800003,231.75,227.529999,230.830002,230.830002,1204300,471
2019-12-31,231.139999,232,229.669998,231.669998,231.669998,943200,472
2020-01-02,232.899994,233.470001,231.770004,233.419998,233.419998,1449300,473
2020-01-03,231.240005,234.5,230.229996,232.639999,232.639999,1315400,474
2020-01-06,231.490005,235.529999,230.800003,235.429993,235.429993,1460700,475
2020-01-07,235.5,236.850006,233.339996,233.699997,233.699997,1367900,476
2020-01-08,234.880005,238.009995,234.009995,237.270004,237.270004,1883900,477
2020-01-09,239.220001,239.470001,235.289993,235.899994,235.899994,1141300,478
2020-01-10,236.210007,236.279999,233.259995,234.839996,234.839996,1178100,479
2020-01-13,238.570007,245.350006,238.110001,245.179993,245.179993,4118600,480
2020-01-14,246.279999,247.509995,243.449997,243.770004,243.770004,1644000,481
2020-01-15,245.149994,246.039993,243.389999,243.490005,243.490005,996800,482
2020-01-16,245,245.520004,241.789993,243.710007,243.710007,1409700,483
2020-01-17,245.509995,245.729996,241.149994,241.25,241.25,1335400,484
2020-01-21,241.429993,243.479996,240,242.520004,242.520004,1604700,485
2020-01-22,243.300003,246.020004,243.059998,244.300003,244.300003,1205800,486
2020-01-23,242.619995,244.279999,241.5,243.059998,243.059998,868700,487
2020-01-24,243.740005,245.059998,239.270004,240.350006,240.350006,938200,488
2020-01-27,233.800003,237.869995,231.839996,236.740005,236.740005,1292000,489
2020-01-28,238.660004,240.190002,236.330002,239.350006,239.350006,971400,490
2020-01-29,240.320007,244.330002,238.770004,243.660004,243.660004,998200,491
2020-01-30,241.839996,244,240.899994,243.770004,243.770004,770900,492
2020-01-31,243.479996,243.580002,239.300003,239.389999,239.389999,1391600,493
2020-02-03,240.179993,247.699997,240.179993,246.369995,246.369995,1792000,494
2020-02-04,249.850006,250.100006,247.660004,247.990005,247.990005,1354900,495
2020-02-05,249.149994,249.710007,243.559998,243.899994,243.899994,1518600,496
2020-02-06,244.350006,244.529999,242.789993,243.779999,243.779999,1155900,497
2020-02-07,243.770004,246.889999,242.169998,243.509995,243.509995,1087600,498
2020-02-10,244.020004,249.740005,244.020004,248.539993,248.539993,1192100,499
2020-02-11,249.339996,252.389999,248.339996,251.580002,251.580002,1014700,500
2020-02-12,252.110001,254.160004,250.779999,253.940002,253.940002,658100,501
2020-02-13,253.410004,256.799988,252.369995,253.860001,253.860001,905300,502
2020-02-14,254.679993,256,253.149994,254.410004,254.410004,950700,503
2020-02-18,254.009995,259.73999,253.660004,259.230011,259.230011,1273700,504
2020-02-19,261,263.5,259.809998,262.51001,262.51001,908000,505
2020-02-20,262.929993,266.200012,258.75,263.679993,263.679993,1518400,506
2020-02-21,263,265.100006,253.800003,255.899994,255.899994,1587700,507
2020-02-24,245.389999,247.869995,235.690002,246.210007,246.210007,1875000,508
2020-02-25,248.380005,250.449997,237.050003,238.809998,238.809998,1550900,509
2020-02-26,239.149994,244.130005,237.039993,238.559998,238.559998,1219000,510
2020-02-27,230.440002,232.479996,220.210007,220.699997,220.699997,2834900,511
2020-02-28,210,217.699997,208.899994,217.410004,217.410004,3747900,512
2020-03-02,219.190002,229.210007,216.490005,228.899994,228.899994,2333900,513
2020-03-03,228.869995,235.419998,225.960007,227.130005,227.130005,3570700,514
2020-03-04,231.509995,232.880005,221.240005,231.619995,231.619995,1723700,515
2020-03-05,225.399994,227.380005,216.149994,221.190002,221.190002,2005000,516
2020-03-06,213.259995,223.350006,212.240005,218.550003,218.550003,2494400,517
2020-03-09,202,208.330002,194.240005,199.770004,199.770004,2292500,518
2020-03-10,206.369995,206.990005,197.110001,204.119995,204.119995,2274000,519
2020-03-11,199.389999,201.490005,191.389999,193.740005,193.740005,2114700,520
2020-03-12,179.449997,180.330002,167.330002,169.130005,169.130005,3906800,521
2020-03-13,175.899994,176.789993,162.320007,176.75,176.75,2933300,522
2020-03-16,155.490005,155.889999,138.289993,138.979996,138.979996,4568200,523
2020-03-17,141.699997,156.800003,136.089996,144.880005,144.880005,3764700,524
2020-03-18,135.119995,140.639999,128.850006,140.360001,140.360001,3809600,525
2020-03-19,136.330002,162.779999,136.330002,154.860001,154.860001,2989600,526
2020-03-20,163.509995,182.529999,162.600006,165.009995,165.009995,5338000,527
2020-03-23,165.550003,180.360001,165.050003,172.300003,172.300003,4267500,528
2020-03-24,183.25,194.899994,180.100006,192.740005,192.740005,2912900,529
2020-03-25,195.5,202.860001,192.429993,193.619995,193.619995,3336400,530
2020-03-26,197.050003,202.839996,189.050003,200.800003,200.800003,4117800,531
2020-03-27,192.5,195.550003,184.059998,188.839996,188.839996,3572100,532
2020-03-30,188.5,196.960007,183.029999,193.940002,193.940002,2197800,533
2020-03-31,193.029999,194.199997,188.190002,189.550003,189.550003,2027200,534
2020-04-01,181.529999,187.279999,181.529999,183.5,183.5,1767800,535
2020-04-02,182,185.5,177.770004,185.490005,185.490005,2311300,536
2020-04-03,184.710007,184.770004,179.100006,181.25,181.25,2208300,537
2020-04-06,188.220001,195.699997,185.75,194.949997,194.949997,2479100,538
2020-04-07,202.479996,203.440002,194.699997,194.919998,194.919998,2228500,539
2020-04-08,196.800003,200.5,194.330002,196.009995,196.009995,1243300,540
2020-04-09,199.639999,206,198.479996,203.509995,203.509995,1898300,541
2020-04-13,202.759995,203.440002,197.660004,199.270004,199.270004,1008500,542
2020-04-14,203.720001,206.770004,201.580002,205.179993,205.179993,1842400,543
2020-04-15,200.199997,208.5,199.600006,207.949997,207.949997,1888900,544
2020-04-16,210,214.429993,207.679993,209.190002,209.190002,2187000,545
2020-04-17,215.25,226.419998,213.520004,225.860001,225.860001,3555200,546
2020-04-20,222.789993,224.509995,216.789993,218.589996,218.589996,2086100,547
2020-04-21,215,216.550003,206.5,206.720001,206.720001,2145200,548
2020-04-22,210.910004,214.220001,210.009995,212.089996,212.089996,1349800,549
2020-04-23,212.389999,216.720001,210.419998,211.639999,211.639999,1102600,550
2020-04-24,213.759995,216.5,212.100006,214.550003,214.550003,1520800,551
2020-04-27,217.600006,227.869995,216.380005,226.889999,226.889999,2227100,552
2020-04-28,231.300003,231.949997,224.190002,224.470001,224.470001,1340000,553
2020-04-29,229.839996,237.490005,227.509995,232.429993,232.429993,1393300,554
2020-04-30,229.720001,231.550003,223.479996,223.479996,223.479996,1591200,555
2020-05-01,219.110001,220.460007,216.199997,218.690002,218.690002,1744600,556
2020-05-04,215.080002,218.839996,213.970001,218.690002,218.690002,1059700,557
2020-05-05,221.720001,222,216.179993,218.210007,218.210007,1298900,558
2020-05-06,218.990005,225,218.970001,223.179993,223.179993,1229600,559
2020-05-07,224.529999,228.589996,220.570007,225.990005,225.990005,1700200,560
2020-05-08,229,238.320007,228.5,237.990005,237.990005,2036900,561
2020-05-11,237.570007,246.839996,234.529999,245.619995,245.619995,1952100,562
2020-05-12,247.070007,248.75,242.339996,242.600006,242.600006,1924600,563
2020-05-13,242.25,243.100006,225.889999,229.389999,229.389999,2240100,564
2020-05-14,226.559998,237.740005,225.809998,237.570007,237.570007,1453700,565
2020-05-15,234.889999,247.539993,234.009995,247.089996,247.089996,1750800,566
2020-05-18,253.729996,259.609985,252.029999,255.649994,255.649994,2318200,567
2020-05-19,256.890015,257.380005,251.029999,251.410004,251.410004,1480500,568
2020-05-20,256.100006,259.600006,255.179993,258.380005,258.380005,1095900,569
2020-05-21,259.369995,268.269989,257.570007,267.529999,267.529999,1808400,570
2020-05-22,268.700012,277.019989,267.019989,276.730011,276.730011,2073900,571
2020-05-26,282.549988,284.920013,279.309998,281.410004,281.410004,2118500,572
2020-05-27,281.380005,282.899994,271.600006,281.5,281.5,2158700,573
2020-05-28,281.470001,291.309998,277.519989,284.420013,284.420013,2307900,574
2020-05-29,285.910004,301.48999,284.149994,300.100006,300.100006,4871000,575
2020-06-01,299.769989,310.220001,297.25,308.690002,308.690002,2390200,576
2020-06-02,305.51001,314.869995,302.01001,312.299988,312.299988,2872000,577
2020-06-03,313.059998,324.700012,312.5,323.73999,323.73999,2760300,578
2020-06-04,321.5,323.519989,313.5,317.420013,317.420013,2752000,579
2020-06-05,319.160004,323.799988,317,319.779999,319.779999,2385300,580
2020-06-08,322.059998,322.630005,312.730011,315.299988,315.299988,2588500,581
2020-06-09,313.200012,318.899994,307.799988,316.399994,316.399994,2375200,582
2020-06-10,318.600006,324.76001,316.540009,323.25,323.25,1746800,583
2020-06-11,314.369995,321.100006,306.630005,308.119995,308.119995,3659600,584
2020-06-12,302.839996,308.380005,289.549988,296.359985,296.359985,7634500,585
2020-06-15,289.170013,303.25,288.609985,303.049988,303.049988,2256900,586
2020-06-16,310.790009,312.799988,303.269989,310.609985,310.609985,2106000,587
2020-06-17,313,313.829987,302.570007,303.690002,303.690002,1720300,588
2020-06-18,303.98999,305.660004,299,302.980011,302.980011,1573700,589
2020-06-19,306.980011,307.01001,295.290009,297.380005,297.380005,2299800,590
2020-06-22,298.01001,306.570007,293.850006,304.690002,304.690002,1580300,591
2020-06-23,308.01001,310.209991,300.730011,301.160004,301.160004,1392100,592
2020-06-24,299.480011,303.149994,290.519989,295.220001,295.220001,1595000,593
2020-06-25,294.299988,295.26001,288.5,295.130005,295.130005,1268000,594
2020-06-26,293.799988,295.100006,288.109985,289.529999,289.529999,1700800,595
2020-06-29,290.109985,295.670013,284.290009,294.350006,294.350006,1860900,596
2020-06-30,305,318.320007,304.200012,312.01001,312.01001,5473600,597
2020-07-01,314.5,316.98999,306.359985,308.619995,308.619995,1767500,598
2020-07-02,312.149994,312.589996,302.5,304.769989,304.769989,1885100,599
2020-07-06,309,316.119995,308.600006,314.350006,314.350006,2557900,600
2020-07-07,313.119995,313.130005,306.309998,306.73999,306.73999,1337000,601
2020-07-08,310.880005,311.25,306.579987,309.880005,309.880005,1269300,602
2020-07-09,309.799988,319.109985,303.679993,315.079987,315.079987,3287300,603
2020-07-10,316.640015,317.970001,308.119995,314.390015,314.390015,1755600,604
2020-07-13,316.75,321.820007,304.540009,305.149994,305.149994,2212300,605
2020-07-14,303.529999,309.450012,295.01001,308.320007,308.320007,2051200,606
2020-07-15,308.589996,314,304.140015,312.51001,312.51001,1653600,607
2020-07-16,308.5,315.209991,306.779999,313.079987,313.079987,1185300,608
2020-07-17,315.019989,319.040009,310.859985,316.820007,316.820007,1674000,609
2020-07-20,319.140015,329.850006,317,326.839996,326.839996,1996500,610
2020-07-21,330.359985,330.899994,324.070007,325.390015,325.390015,1471100,611
2020-07-22,325.890015,329.480011,322.529999,326.720001,326.720001,901500,612
2020-07-23,327.160004,337.570007,316,320.01001,320.01001,2592500,613
2020-07-24,316.26001,325.709991,313.619995,321.5,321.5,1441900,614
2020-07-27,324.279999,333.179993,323.040009,331.549988,331.549988,2029300,615
2020-07-28,331.220001,333.880005,321.910004,322.640015,322.640015,1534100,616
2020-07-29,322.200012,329.5,321.5,325.73999,325.73999,1318800,617
2020-07-30,322.299988,325.380005,316.98999,323.660004,323.660004,1225400,618
2020-07-31,326.170013,326.279999,319.600006,325.589996,325.589996,1282500,619
2020-08-03,327.98999,331.170013,324.01001,328.589996,328.589996,1362500,620
2020-08-04,327.929993,330.390015,324.320007,328.209991,328.209991,1046700,621
2020-08-05,330.940002,343.589996,328.269989,340.420013,340.420013,2187200,622
2020-08-06,342.320007,343.089996,334.119995,339.179993,339.179993,1153200,623
2020-08-07,339.079987,343.73999,336.51001,342.119995,342.119995,1580200,624
2020-08-10,342.470001,347.350006,337.390015,344.320007,344.320007,1611900,625
2020-08-11,344.320007,344.779999,334.869995,335.369995,335.369995,1518800,626
2020-08-12,338,346.429993,337.790009,345.329987,345.329987,1294400,627
2020-08-13,349.98999,354.589996,346.269989,350.290009,350.290009,1439600,628
2020-08-14,350.149994,351.690002,345.029999,349.119995,349.119995,877300,629
2020-08-17,350.48999,355.820007,350,354.869995,354.869995,729600,630
2020-08-18,358.070007,360.769989,352.450012,358.779999,358.779999,1013000,631
2020-08-19,360.579987,364.890015,356.170013,360.839996,360.839996,920600,632
2020-08-20,358.179993,367.940002,356.299988,366.420013,366.420013,1078300,633
2020-08-21,367.450012,369.769989,364.549988,368.75,368.75,847400,634
2020-08-24,372.200012,377.839996,369.399994,376.309998,376.309998,1565400,635
2020-08-25,376.51001,380.589996,372.209991,378.5,378.5,1064100,636
2020-08-26,381.410004,383.200012,376.670013,381.5,381.5,1021800,637
2020-08-27,384,384.049988,373.890015,374.839996,374.839996,1693900,638
2020-08-28,377,380.920013,376.130005,377.480011,377.480011,1257100,639
2020-08-31,377.5,379.309998,372.5,375.670013,375.670013,1672000,640
2020-09-01,376.600006,391.380005,373.559998,391.160004,391.160004,1363100,641
2020-09-02,398.109985,399.899994,387.079987,398.290009,398.290009,1631300,642
2020-09-03,393.390015,396.829987,376.369995,377.869995,377.869995,2412900,643
2020-09-04,372.390015,376.399994,345.970001,361.410004,361.410004,3111700,644
2020-09-08,351.01001,365,348.5,349.799988,349.799988,3512500,645
2020-09-09,334.829987,334.920013,315.25,323.929993,323.929993,8543100,646
2020-09-10,326.899994,336.279999,317.670013,320,320,3416600,647
2020-09-11,323,323,308.630005,313.390015,313.390015,3090400,648
2020-09-14,315.98999,317.75,311.130005,313.820007,313.820007,1775600,649
2020-09-15,318.329987,319,312.679993,315.48999,315.48999,1836700,650
2020-09-16,316.320007,317.429993,309.579987,309.98999,309.98999,1689900,651
2020-09-17,304.149994,308.839996,301.549988,303.109985,303.109985,2258100,652
2020-09-18,304.730011,304.799988,290.570007,294.76001,294.76001,3042800,653
2020-09-21,289.649994,295.679993,287.209991,295.559998,295.559998,2257300,654
2020-09-22,297.619995,314.149994,296.769989,313.600006,313.600006,4030400,655
2020-09-23,325.339996,331.850006,313.790009,316.769989,316.769989,4646000,656
2020-09-24,312.890015,320.920013,303.209991,315.579987,315.579987,2451300,657
2020-09-25,315.609985,316.5,308.589996,315.350006,315.350006,1788000,658
2020-09-28,317.880005,319.290009,310.600006,318.730011,318.730011,1448500,659
2020-09-29,318.73999,325.23999,315.970001,323.670013,323.670013,1342200,660
2020-09-30,328.799988,334.339996,326.809998,329.369995,329.369995,2001800,661
2020-10-01,334.01001,343.269989,332.619995,341.049988,341.049988,1715900,662
2020-10-02,333,339.26001,327.730011,332.670013,332.670013,1848400,663
2020-10-05,334,337.970001,327.029999,337.869995,337.869995,1397600,664
2020-10-06,335.660004,339.48999,327.390015,329.290009,329.290009,1575500,665
2020-10-07,333.380005,339.200012,333.100006,338.910004,338.910004,1225800,666
2020-10-08,343.899994,343.940002,337.170013,337.940002,337.940002,1077500,667
2020-10-09,340.809998,349.350006,338.399994,346.459991,346.459991,1726000,668
2020-10-12,351.200012,351.549988,342.829987,348,348,1236500,669
2020-10-13,350,359.23999,348.200012,356.290009,356.290009,1402000,670
2020-10-14,358.890015,358.890015,346.309998,352.070007,352.070007,1127800,671
2020-10-15,345.119995,354.730011,345,353.609985,353.609985,761800,672
2020-10-16,356.149994,358.570007,348.290009,349.950012,349.950012,868900,673
2020-10-19,351,352.309998,336.049988,336.459991,336.459991,1367200,674
2020-10-20,338.26001,338.630005,329.880005,330.040009,330.040009,1276800,675
2020-10-21,331.160004,336.660004,325.160004,325.5,325.5,1623700,676
2020-10-22,326.529999,327.369995,316.480011,325.670013,325.670013,1847000,677
2020-10-23,327.01001,334.190002,322.820007,333.920013,333.920013,1164100,678
2020-10-26,336.100006,340.850006,325.649994,331.600006,331.600006,1416700,679
2020-10-27,332.880005,337.290009,330.51001,333.809998,333.809998,891700,680
2020-10-28,330.390015,333,326.26001,329.51001,329.51001,1088500,681
2020-10-29,332.980011,335.200012,326.420013,330.149994,330.149994,803400,682
2020-10-30,326.690002,328.670013,314.630005,319.290009,319.290009,1398200,683
2020-11-02,321.019989,324.230011,307.809998,315.5,315.5,1327300,684
2020-11-03,317.5,328.859985,312.049988,327.130005,327.130005,1196400,685
2020-11-04,336.75,342.25,331.079987,340.179993,340.179993,1381500,686
2020-11-05,345.209991,348.51001,338.25,347.179993,347.179993,1187500,687
2020-11-06,348.149994,349.640015,343.019989,343.799988,343.799988,990000,688
2020-11-09,351.5,353.929993,326.649994,326.959991,326.959991,1882500,689
2020-11-10,326.179993,328.519989,311.040009,322.190002,322.190002,1520100,690
2020-11-11,325.609985,337.859985,322.190002,336.679993,336.679993,984500,691
2020-11-12,335,338.899994,328.570007,329.910004,329.910004,897000,692
2020-11-13,330.5,332.649994,324.5,325.450012,325.450012,792100,693
2020-11-16,324.019989,333.76001,322.170013,331.769989,331.769989,915800,694
2020-11-17,331,340.700012,327.209991,338.399994,338.399994,799800,695
2020-11-18,339.809998,342.589996,333.850006,336.929993,336.929993,917700,696
2020-11-19,336.320007,345.359985,332.160004,344.600006,344.600006,898100,697
2020-11-20,342.700012,349.980011,340.299988,345.73999,345.73999,843200,698
2020-11-23,348.450012,351.410004,343.619995,348.529999,348.529999,805700,699
2020-11-24,350.570007,352,344.410004,349.549988,349.549988,678100,700
2020-11-25,350,358.25,348.179993,357.799988,357.799988,1085600,701
2020-11-27,361.660004,365.779999,358.01001,365.390015,365.390015,847800,702
2020-11-30,367.779999,371.980011,357.48999,370.220001,370.220001,1632200,703
2020-12-01,373.209991,379.690002,370.440002,377.519989,377.519989,1510600,704
2020-12-02,375.690002,381.369995,371.579987,372.600006,372.600006,1090200,705
2020-12-03,374.209991,383.540009,373.380005,375.420013,375.420013,1524000,706
2020-12-04,378.869995,380.25,374.359985,377.059998,377.059998,1267800,707
2020-12-07,376.299988,376.549988,366.660004,371.480011,371.480011,2041800,708
2020-12-08,372.029999,375.670013,367,371.070007,371.070007,1569200,709
2020-12-09,374.51001,378.5,361.839996,363.559998,363.559998,1722300,710
2020-12-10,367.019989,370.679993,359.779999,369.070007,369.070007,2700600,711
2020-12-11,366.329987,366.570007,343.279999,344.320007,344.320007,6440600,712
2020-12-14,344,354.829987,337.070007,352.369995,352.369995,2712300,713
2020-12-15,355.940002,360.809998,353.619995,356.070007,356.070007,2078600,714
2020-12-16,357.209991,363.5,351.570007,363.100006,363.100006,2086700,715
2020-12-17,367,387.369995,363.98999,386.070007,386.070007,3870300,716
2020-12-18,387.059998,387.220001,373.179993,378.049988,378.049988,2698300,717
2020-12-21,373.359985,377.769989,369.459991,373.399994,373.399994,1714600,718
2020-12-22,373.75,375,357.519989,360.070007,360.070007,2334000,719
2020-12-23,363,363.98999,354.910004,355.130005,355.130005,1348800,720
2020-12-24,355,356.390015,350.450012,351.420013,351.420013,757800,721
2020-12-28,355.190002,355.190002,345.5,351.359985,351.359985,1353000,722
2020-12-29,353.76001,354.220001,343.670013,353.220001,353.220001,1227100,723
2020-12-30,355,356,349.799988,350.779999,350.779999,1197000,724
2020-12-31,349.279999,351.809998,346.76001,348.029999,348.029999,792000,725
2021-01-04,351.670013,356.829987,346.410004,356.399994,356.399994,2015300,726
2021-01-05,357.890015,369.440002,357.380005,366.5,366.5,2122900,727
2021-01-06,362.109985,367.600006,357.480011,363.25,363.25,1170800,728
2021-01-07,366.869995,374.200012,364.600006,367.290009,367.290009,1103000,729
2021-01-08,367.359985,370.540009,362.589996,365.459991,365.459991,994900,730
2021-01-11,354.130005,373.079987,352.339996,361.660004,361.660004,1754000,731
2021-01-12,361.600006,362.25,351.140015,356.929993,356.929993,1628000,732
2021-01-13,357.75,359.01001,350.5,352.140015,352.140015,1108700,733
2021-01-14,352.299988,357.589996,347.51001,347.730011,347.730011,1047700,734
2021-01-15,347,347.200012,337.429993,344.5,344.5,1401200,735
2021-01-19,346.48999,348.549988,340.149994,342.25,342.25,1200100,736
2021-01-20,344.910004,357.130005,343.809998,355.119995,355.119995,1311000,737
2021-01-21,356.76001,358.049988,348.799988,349.220001,349.220001,840900,738
2021-01-22,349.149994,350.170013,344.420013,346.369995,346.369995,651600,739
2021-01-25,347.140015,350,335,339.98999,339.98999,1784500,740
2021-01-26,340.5,340.5,328.649994,330.559998,330.559998,1962300,741
2021-01-27,325.5,331.48999,312.899994,329.51001,329.51001,2104000,742
2021-01-28,330.799988,336.5,328.700012,330.23999,330.23999,1673400,743
2021-01-29,327.850006,330.809998,322.01001,328.679993,328.679993,1258000,744
2021-02-01,329.380005,334.220001,324.399994,333.470001,333.470001,1410700,745
2021-02-02,335.820007,344.329987,334.670013,343.920013,343.920013,1154200,746
2021-02-03,344.98999,345,331.519989,332.390015,332.390015,1367900,747
2021-02-04,335.339996,340,334.350006,338.589996,338.589996,1143200,748
2021-02-05,340.200012,340.200012,332.910004,334.079987,334.079987,1226700,749
2021-02-08,335.950012,342.429993,334.119995,339.709991,339.709991,1039200,750
2021-02-09,336.649994,342.329987,334.149994,340.690002,340.690002,948100,751
2021-02-10,341.200012,344.910004,338.01001,341.390015,341.390015,919100,752
2021-02-11,344.720001,347,340.859985,345.890015,345.890015,950400,753
2021-02-12,345.01001,345.670013,339.25,342.859985,342.859985,829500,754
2021-02-16,344.190002,345,339.230011,339.850006,339.850006,862000,755
2021-02-17,338.070007,338.589996,331.190002,337.519989,337.519989,869100,756
2021-02-18,334.850006,338.420013,325.75,336.829987,336.829987,1242800,757
2021-02-19,337,338.190002,331.119995,332.230011,332.230011,1171800,758
2021-02-22,328.809998,328.809998,319.309998,321.48999,321.48999,1324400,759
2021-02-23,315.769989,325.51001,304.869995,322.850006,322.850006,1948100,760
2021-02-24,318.790009,321.179993,312.51001,317.700012,317.700012,1127900,761
2021-02-25,316.200012,326.190002,308.579987,310.119995,310.119995,1278400,762
2021-02-26,312.350006,316.579987,306.399994,311.679993,311.679993,1460800,763
2021-03-01,313.089996,317.350006,312.109985,314.829987,314.829987,1315000,764
2021-03-02,316.51001,321.25,312.100006,317.470001,317.470001,1371100,765
2021-03-03,313.690002,315.75,295.679993,295.98999,295.98999,2479200,766
2021-03-04,296.410004,299.279999,280.480011,285.140015,285.140015,3084200,767
2021-03-05,290.450012,293.820007,269.279999,293.23999,293.23999,2596200,768
2021-03-08,291.170013,295.869995,288.049988,288.940002,288.940002,1966500,769
2021-03-09,296.950012,304.850006,294.779999,298.350006,298.350006,1585200,770
2021-03-10,302.070007,311.410004,299.190002,309,309,2368300,771
2021-03-11,313.529999,315.339996,308.73999,310.339996,310.339996,1804500,772
2021-03-12,304.459991,307.700012,299.01001,306.079987,306.079987,1260700,773
2021-03-15,306.730011,314.570007,304.170013,314.320007,314.320007,875200,774
2021-03-16,315.549988,316.890015,305.700012,308.75,308.75,1145600,775
2021-03-17,303.890015,316.589996,303.890015,315.220001,315.220001,1022000,776
2021-03-18,311.170013,316.200012,305.279999,306.350006,306.350006,1109900,777
2021-03-19,305.369995,312.480011,303.51001,308.709991,308.709991,1623600,778
2021-03-22,309.589996,316.519989,308.76001,313.600006,313.600006,889300,779
2021-03-23,314.220001,321.299988,312.899994,314.029999,314.029999,1155200,780
2021-03-24,316.299988,319.700012,306.679993,307.309998,307.309998,1039300,781
2021-03-25,303.559998,307.850006,298.540009,306.209991,306.209991,1326800,782
2021-03-26,302.609985,314.149994,302.480011,314,314,1109400,783
2021-03-29,317.459991,319.799988,310.25,316.160004,316.160004,1475100,784
2021-03-30,314.519989,320.579987,311.440002,317.089996,317.089996,2537100,785
2021-03-31,307.649994,311.690002,300.049988,306.709991,306.709991,4932400,786
2021-04-01,308.290009,308.790009,300.320007,301.070007,301.070007,2987500,787
2021-04-05,302.859985,302.859985,295.890015,298.75,298.75,2156400,788
2021-04-06,300.380005,309.329987,298.019989,308.519989,308.519989,2004800,789
2021-04-07,306.869995,311.320007,304.75,306.040009,306.040009,1162200,790
2021-04-08,309.970001,313.880005,308.109985,312.559998,312.559998,1550000,791
2021-04-09,311.450012,319.299988,310.600006,318.119995,318.119995,1357900,792
2021-04-12,317.779999,324.26001,314.359985,323.869995,323.869995,1246900,793
2021-04-13,322.670013,324.420013,318.570007,324,324,1077400,794
2021-04-14,323.859985,325,321.220001,323,323,1060500,795
2021-04-15,324.540009,328.399994,323.399994,325.829987,325.829987,1058100,796
2021-04-16,325.51001,325.730011,321.51001,324.100006,324.100006,923200,797
2021-04-19,321.480011,324.970001,321.480011,322.269989,322.269989,1062600,798
2021-04-20,322.799988,323.649994,314.829987,316.290009,316.290009,868200,799
2021-04-21,316.899994,326.679993,316.700012,326.679993,326.679993,1243800,800
2021-04-22,326.179993,338.880005,326.179993,338.75,338.75,2146700,801
2021-04-23,338.609985,342.459991,336.709991,340.980011,340.980011,1641400,802
2021-04-26,340.609985,341.119995,334.839996,337.799988,337.799988,787300,803
2021-04-27,338,341.480011,336.200012,339.279999,339.279999,617600,804
2021-04-28,339.269989,342,335.589996,338.059998,338.059998,626000,805
2021-04-29,340.839996,347,339.170013,342.899994,342.899994,1067300,806
2021-04-30,342.859985,344.450012,334.98999,335.269989,335.269989,1091600,807
2021-05-03,336.470001,337.019989,332.76001,335.380005,335.380005,757000,808
2021-05-04,330,331.98999,321.880005,324.899994,324.899994,1025400,809
2021-05-05,326.859985,330.73999,321.019989,322.089996,322.089996,823800,810
2021-05-06,320.5,323.769989,317.290009,321.279999,321.279999,742000,811
2021-05-07,322.029999,331.549988,322.029999,330.23999,330.23999,859900,812
2021-05-10,330,331.649994,324.149994,324.26001,324.26001,856900,813
2021-05-11,318.690002,323.769989,316.399994,322.040009,322.040009,1200000,814
2021-05-12,317.019989,321.700012,304.299988,305.209991,305.209991,1312800,815
2021-05-13,307.779999,311.040009,304,307.929993,307.929993,854300,816
2021-05-14,309.420013,316.769989,309,314.649994,314.649994,606400,817
2021-05-17,311.5,314.649994,309.119995,314.540009,314.540009,631800,818
2021-05-18,314.299988,316.579987,310.790009,312.029999,312.029999,653600,819
2021-05-19,307.459991,310.920013,304.380005,310.309998,310.309998,737700,820
2021-05-20,310.910004,320.040009,310.720001,319.170013,319.170013,846200,821
2021-05-21,322.869995,322.869995,310.410004,313.200012,313.200012,1186900,822
2021-05-24,315.23999,320.399994,313.5,318.190002,318.190002,735700,823
2021-05-25,320.839996,324.549988,318.820007,324.109985,324.109985,967700,824
2021-05-26,325.910004,330.029999,324.369995,329.76001,329.76001,1049600,825
2021-05-27,327.519989,331.399994,323.720001,328.109985,328.109985,1744100,826
2021-05-28,330.519989,330.519989,323,323.130005,323.130005,909400,827
2021-06-01,322.440002,323.390015,315.899994,318.619995,318.619995,1318200,828
2021-06-02,319.910004,321.709991,315.790009,320.779999,320.779999,1124900,829
2021-06-03,318.630005,320.920013,313.059998,317.359985,317.359985,1954900,830
2021-06-04,321.859985,331.029999,318.5,329.519989,329.519989,2591100,831
2021-06-07,330.529999,338.200012,330.109985,331.609985,331.609985,1444400,832
2021-06-08,334.869995,335.48999,328.329987,331,331,1134100,833
2021-06-09,331.089996,331.769989,325.600006,327.220001,327.220001,861400,834
2021-06-10,329.019989,332.76001,327.51001,329.799988,329.799988,671500,835
2021-06-11,331.100006,338.690002,329.540009,338.299988,338.299988,957700,836
2021-06-14,340.769989,347.23999,335.200012,337.619995,337.619995,895800,837
2021-06-15,336.390015,336.570007,333.420013,335.190002,335.190002,644600,838
2021-06-16,337.519989,339.140015,333.470001,337.26001,337.26001,841200,839
2021-06-17,335.149994,351.100006,334.5,349.399994,349.399994,2003600,840
2021-06-18,346.209991,351.26001,343.48999,347.570007,347.570007,1509700,841
2021-06-21,348.170013,354.48999,345.720001,352.290009,352.290009,829000,842
2021-06-22,352.279999,360.25,352.049988,359.109985,359.109985,921600,843
2021-06-23,358.26001,362.170013,357.019989,359.399994,359.399994,684500,844
2021-06-24,362.839996,364.959991,361.170013,361.910004,361.910004,768200,845
2021-06-25,365,371,361,363.690002,363.690002,1707700,846
2021-06-28,365.059998,367.790009,363.519989,363.790009,363.790009,1222100,847
2021-06-29,363.790009,368.320007,363.149994,366.660004,366.660004,648800,848
2021-06-30,366.339996,367.25,364.48999,364.970001,364.970001,663900,849
2021-07-01,363.790009,366.51001,361.51001,364.230011,364.230011,880800,850
2021-07-02,365.869995,369.549988,365.51001,368.470001,368.470001,697300,851
2021-07-06,369.950012,372.410004,364.73999,371.369995,371.369995,948000,852
2021-07-07,374,378,371.26001,377.820007,377.820007,836800,853
2021-07-08,370.679993,375.149994,368.679993,373.529999,373.529999,795500,854
2021-07-09,373.910004,378.429993,372.769989,377.420013,377.420013,671400,855
2021-07-12,375.929993,378,366.579987,368.910004,368.910004,806000,856
2021-07-13,367.040009,372.619995,365.880005,370.769989,370.769989,647000,857
2021-07-14,377.339996,385.899994,375.829987,376.98999,376.98999,2119400,858
2021-07-15,379.609985,380.820007,370.380005,376.170013,376.170013,1186200,859
2021-07-16,376.410004,378.5,370.980011,371.690002,371.690002,623700,860
2021-07-19,367.779999,373.720001,364.51001,373.040009,373.040009,903900,861
2021-07-20,375.269989,387.920013,373.559998,383.299988,383.299988,1637800,862
2021-07-21,383.200012,386.369995,380.5,383.619995,383.619995,682400,863
2021-07-22,383.75,397.5,383.75,395.850006,395.850006,1196500,864
2021-07-23,394.98999,405.950012,394.130005,402.790009,402.790009,1214700,865
2021-07-26,402.570007,405.940002,392.540009,395.440002,395.440002,799200,866
2021-07-27,394.269989,394.269989,385.73999,391.429993,391.429993,652300,867
2021-07-28,392.350006,394.769989,389.130005,393.089996,393.089996,511500,868
2021-07-29,394.540009,406.23999,394.320007,402.869995,402.869995,1052000,869
2021-07-30,399.140015,403.209991,397.829987,400.170013,400.170013,563800,870
2021-08-02,402.769989,406.209991,399.579987,402.649994,402.649994,511900,871
2021-08-03,402.76001,409.25,402.76001,407.51001,407.51001,575000,872
2021-08-04,409,413.48999,408.119995,410.470001,410.470001,593200,873
2021-08-05,411,415.339996,410.630005,414.390015,414.390015,553700,874
2021-08-06,412.440002,413,406.529999,408.519989,408.519989,609100,875
2021-08-09,409.089996,410.649994,406.76001,407.640015,407.640015,546300,876
2021-08-10,407.329987,411.540009,404.579987,405.869995,405.869995,602100,877
2021-08-11,406.26001,413.48999,405.869995,408.820007,408.820007,567500,878
2021-08-12,407.519989,410.040009,406.390015,408.910004,408.910004,397400,879
2021-08-13,409,409.140015,403.170013,408.720001,408.720001,429300,880
2021-08-16,406.25,407.570007,400.369995,407.420013,407.420013,572900,881
2021-08-17,403.119995,403.25,388.200012,392.480011,392.480011,1099100,882
2021-08-18,392.600006,397.350006,390.98999,391.380005,391.380005,512600,883
2021-08-19,385.5,399,384.359985,396.48999,396.48999,840900,884
2021-08-20,395.920013,398.200012,391.579987,397.829987,397.829987,635300,885
2021-08-23,398.570007,406.320007,396.559998,404.359985,404.359985,546300,886
2021-08-24,403.5,406.829987,402,405.799988,405.799988,491000,887
2021-08-25,404.850006,409.040009,402.649994,408.320007,408.320007,506100,888
2021-08-26,408.540009,408.540009,402,404.440002,404.440002,469000,889
2021-08-27,403.76001,409.339996,402.829987,405.970001,405.970001,465800,890
2021-08-30,406.440002,417.850006,406.410004,414.519989,414.519989,857700,891
2021-08-31,413.970001,413.970001,397.359985,400.170013,400.170013,1275500,892
2021-09-01,400.709991,401.950012,393.679993,395.529999,395.529999,966300,893
2021-09-02,398.23999,398.850006,386.51001,388.369995,388.369995,884200,894
2021-09-03,388.269989,390.769989,385.119995,388.329987,388.329987,712300,895
2021-09-07,394.880005,394.950012,383.01001,386.459991,386.459991,1080300,896
2021-09-08,384.950012,386.279999,376.369995,380.850006,380.850006,2878300,897
2021-09-09,433.730011,434.220001,420.269989,420.709991,420.709991,7789600,898
2021-09-10,424,430.049988,417.089996,425.579987,425.579987,2150600,899
2021-09-13,428.309998,428.309998,418.98999,425.119995,425.119995,1244600,900
2021-09-14,426.73999,427.690002,419.390015,420.5,420.5,853700,901
2021-09-15,420.940002,421.019989,414.089996,418.950012,418.950012,818700,902
2021-09-16,417.209991,429.799988,417.209991,426.440002,426.440002,978600,903
2021-09-17,428.399994,432.73999,424.299988,426.549988,426.549988,1546500,904
2021-09-20,418.100006,425.299988,412.48999,419.529999,419.529999,971500,905
2021-09-21,422.390015,426.700012,419.549988,424.190002,424.190002,610900,906
2021-09-22,425.119995,431.279999,422.01001,431.179993,431.179993,948500,907
2021-09-23,433,437.320007,430,431.910004,431.910004,1490100,908
2021-09-24,427.440002,433.609985,424.070007,432.609985,432.609985,873300,909
2021-09-27,430.480011,434.929993,427.809998,430.720001,430.720001,698100,910
2021-09-28,427.890015,429.450012,413.700012,414.540009,414.540009,1149400,911
2021-09-29,418.070007,419,408.5,410.220001,410.220001,898900,912
2021-09-30,410.279999,411.299988,403.320007,404.700012,404.700012,798400,913
2021-10-01,407.519989,408.190002,399.380005,401.369995,401.369995,787700,914
2021-10-04,401.309998,401.459991,390.420013,392.570007,392.570007,956600,915
2021-10-05,399.070007,404.809998,396.679993,397.119995,397.119995,818300,916
2021-10-06,392.660004,400.679993,392.519989,398.130005,398.130005,810700,917
2021-10-07,401.01001,408.609985,398.399994,399.720001,399.720001,708700,918
2021-10-08,401.410004,401.76001,393.720001,397.220001,397.220001,560500,919
2021-10-11,399.399994,399.399994,385.609985,386.040009,386.040009,790400,920
2021-10-12,388.440002,389.73999,383.23999,384.570007,384.570007,828100,921
2021-10-13,390.369995,402.070007,388.329987,400.709991,400.709991,1450500,922
2021-10-14,404.480011,410.679993,402.079987,406.98999,406.98999,708700,923
2021-10-15,408.089996,409.410004,403,403.51001,403.51001,815500,924
2021-10-18,401.25,417.619995,400.299988,417.380005,417.380005,647700,925
2021-10-19,417.640015,420.579987,414.320007,416.640015,416.640015,493600,926
2021-10-20,419.660004,423.899994,413.660004,414.399994,414.399994,524600,927
2021-10-21,416.269989,424.850006,416.140015,424.040009,424.040009,566800,928
2021-10-22,422.48999,424.570007,418.899994,421.730011,421.730011,444600,929
2021-10-25,423.73999,430,423.029999,427.940002,427.940002,636700,930
2021-10-26,431,435,427.109985,432.730011,432.730011,629900,931
2021-10-27,432.950012,438.359985,428,433.700012,433.700012,533700,932
2021-10-28,435.309998,443.600006,435.309998,443.459991,443.459991,687400,933
2021-10-29,446.619995,467.040009,446.079987,466.01001,466.01001,1346200,934
2021-11-01,468,469.440002,456.100006,458.880005,458.880005,788700,935
2021-11-02,461.5,470.109985,460.769989,464.640015,464.640015,676700,936
2021-11-03,466.130005,469.100006,462.160004,467.480011,467.480011,561800,937
2021-11-04,469.929993,478.660004,469.019989,473.940002,473.940002,676700,938
2021-11-05,474.279999,477.380005,465.779999,467.910004,467.910004,817600,939
2021-11-08,471.820007,471.820007,456.76001,466.140015,466.140015,736300,940
2021-11-09,466.839996,471.839996,465.299988,470.23999,470.23999,613600,941
2021-11-10,464.549988,467.559998,453.850006,457.359985,457.359985,647500,942
2021-11-11,461.5,462.910004,452.51001,453,453,507000,943
2021-11-12,457.440002,457.440002,450.609985,452.589996,452.589996,721600,944
2021-11-15,455.75,464.670013,454.660004,461.959991,461.959991,737600,945
2021-11-16,464.51001,485.829987,463.730011,477.910004,477.910004,1390100,946
2021-11-17,476.779999,477.799988,465.339996,465.839996,465.839996,866700,947
2021-11-18,469,474.059998,462.049988,473.23999,473.23999,750300,948
2021-11-19,474.350006,478.279999,469.089996,473,473,872300,949
2021-11-22,473.429993,473.429993,458.269989,460.929993,460.929993,795800,950
2021-11-23,460.709991,465.390015,454.779999,458.76001,458.76001,600200,951
2021-11-24,452.51001,458.390015,446.579987,457.859985,457.859985,633500,952
2021-11-26,460.179993,462.109985,453.640015,456.579987,456.579987,418700,953
2021-11-29,458.5,466.720001,455.5,463.26001,463.26001,758900,954
2021-11-30,463.190002,468.769989,452.200012,454.410004,454.410004,1266300,955
2021-12-01,459.549988,467.980011,447.959991,448.429993,448.429993,892200,956
2021-12-02,447.5,454,441.399994,450.679993,450.679993,833000,957
2021-12-03,453.429993,454.940002,430.670013,435.720001,435.720001,1279200,958
2021-12-06,435.720001,436.540009,413.059998,423.540009,423.540009,1479900,959
2021-12-07,434.970001,442.5,431.660004,434.950012,434.950012,1223400,960
2021-12-08,434.950012,436.380005,421.470001,426,426,1858600,961
2021-12-09,426.809998,427.470001,415.839996,416.920013,416.920013,3002100,962
2021-12-10,410,421.390015,402.320007,409.579987,409.579987,2641100,963
2021-12-13,412.670013,414.880005,401.480011,403.75,403.75,1142000,964
2021-12-14,398.279999,399.820007,391,395.089996,395.089996,1431900,965
2021-12-15,394.079987,405,385.149994,402.480011,402.480011,1901300,966
2021-12-16,402.480011,404.429993,386.450012,390.619995,390.619995,1718400,967
2021-12-17,384.149994,388.51001,378.5,384.660004,384.660004,2066000,968
2021-12-20,382.619995,382.950012,366.450012,370.570007,370.570007,2210800,969
2021-12-21,376.070007,385.220001,375.070007,383.309998,383.309998,1664500,970
2021-12-22,385.269989,390.910004,383.519989,388.790009,388.790009,1104900,971
2021-12-23,389.01001,392.529999,383.470001,391.559998,391.559998,906600,972
2021-12-27,392.980011,401.920013,392.980011,400.75,400.75,926700,973
2021-12-28,405.959991,406,400,400.070007,400.070007,953600,974
2021-12-29,400.299988,403,400,401,401,742600,975
2021-12-30,401.519989,405.399994,398.5,398.690002,398.690002,936500,976
2021-12-31,400,401.970001,391.269989,391.450012,391.450012,1066000,977
2022-01-03,392.200012,394.48999,380.609985,387.559998,387.559998,1321900,978
2022-01-04,387.23999,389.709991,376.01001,380.820007,380.820007,1199600,979
2022-01-05,381.160004,381.160004,362.209991,362.480011,362.480011,1543600,980
2022-01-06,358.929993,371.420013,355.679993,368.769989,368.769989,1660200,981
2022-01-07,366.040009,366.98999,354.320007,355.209991,355.209991,2212200,982
2022-01-10,329.950012,349.579987,323.5,348.429993,348.429993,4235900,983
2022-01-11,345.809998,347.48999,337.049988,346.75,346.75,1703100,984
2022-01-12,348.859985,354.440002,345.480011,352.720001,352.720001,1461600,985
2022-01-13,353.899994,354.850006,335.730011,336.269989,336.269989,1479400,986
2022-01-14,333.5,335.480011,325.730011,328.980011,328.980011,1850400,987
2022-01-18,325.070007,336.329987,324,332.529999,332.529999,1376300,988
2022-01-19,334.380005,338.100006,329.019989,330.950012,330.950012,997000,989
2022-01-20,334.5,340.290009,321.649994,322.529999,322.529999,1362500,990
2022-01-21,321.5,324,312.660004,313.019989,313.019989,1731600,991
2022-01-24,308.190002,322.390015,296.190002,321.619995,321.619995,2444700,992
2022-01-25,313.01001,315.799988,305.119995,308.829987,308.829987,1347900,993
2022-01-26,313.5,319.76001,299.170013,302.76001,302.76001,1457500,994
2022-01-27,307.839996,312.429993,304.450012,306.519989,306.519989,1421800,995
2022-01-28,303.26001,316.329987,301.600006,315.910004,315.910004,1348400,996
2022-01-31,317.339996,334.079987,316.410004,333.76001,333.76001,1903700,997
2022-02-01,335.480011,346.130005,333.390015,344.910004,344.910004,1818600,998
2022-02-02,348.859985,353.619995,344.399994,349.190002,349.190002,2267600,999
2022-02-03,338,345.480011,329.25,330.350006,330.350006,1664300,1000
2022-02-04,329.75,339.519989,329.75,336.369995,336.369995,949900,1001
2022-02-07,336.369995,338.809998,327.809998,332.200012,332.200012,840300,1002
2022-02-08,331.690002,336.140015,327.649994,334.399994,334.399994,665500,1003
2022-02-09,339.209991,343.570007,335,339.640015,339.640015,703200,1004
2022-02-10,332.049988,343.920013,331.179993,334.350006,334.350006,1186400,1005
2022-02-11,333.209991,336.100006,315.630005,316.720001,316.720001,1244200,1006
2022-02-14,316.140015,320.26001,309.970001,313.640015,313.640015,1121900,1007
2022-02-15,320.910004,322.709991,315.109985,318.149994,318.149994,825500,1008
2022-02-16,316.459991,321.23999,312.019989,320.040009,320.040009,783800,1009
2022-02-17,317.459991,321.149994,309.589996,310.029999,310.029999,710300,1010
2022-02-18,313.23999,315.420013,307.01001,308.660004,308.660004,822300,1011
2022-02-22,306.570007,311.589996,300.929993,304.579987,304.579987,1291700,1012
2022-02-23,309.200012,309.519989,295.170013,295.23999,295.23999,997400,1013
2022-02-24,285.779999,311.140015,283.209991,310.359985,310.359985,1507200,1014
2022-02-25,310,318.420013,305.290009,317.579987,317.579987,937000,1015
2022-02-28,312.420013,320.429993,311.329987,319.940002,319.940002,1284700,1016
2022-03-01,321.109985,326.019989,313.299988,315.179993,315.179993,1236600,1017
2022-03-02,317.390015,330.779999,316.76001,330.070007,330.070007,1360900,1018
2022-03-03,330.660004,331.5,320.5,322.839996,322.839996,1094100,1019
2022-03-04,321.26001,323.98999,314.540009,320.579987,320.579987,1131000,1020
2022-03-07,322.630005,324.470001,301.869995,302.380005,302.380005,1452500,1021
2022-03-08,301.859985,306.01001,292.190002,296.519989,296.519989,1637300,1022
2022-03-09,305.920013,306.790009,301.220001,305.820007,305.820007,1574300,1023
2022-03-10,300,303.980011,297.519989,301.73999,301.73999,934700,1024
2022-03-11,306.130005,306.130005,291.380005,291.549988,291.549988,978400,1025
2022-03-14,290.670013,293.76001,283,289.23999,289.23999,1459100,1026
2022-03-15,284.130005,293.01001,278,289.920013,289.920013,1734300,1027
2022-03-16,297.119995,306.390015,292.25,305.100006,305.100006,1252200,1028
2022-03-17,304.029999,309.769989,300.220001,307.600006,307.600006,858800,1029
2022-03-18,304.910004,317.529999,304.75,316.929993,316.929993,1272400,1030
2022-03-21,316.079987,317.029999,303.5,308.220001,308.220001,1043000,1031
2022-03-22,313.290009,318.5,311.709991,315.029999,315.029999,1181000,1032
2022-03-23,313.380005,315.769989,308.179993,310.420013,310.420013,975100,1033
2022-03-24,310.540009,317.829987,306.049988,317.73999,317.73999,1066500,1034
2022-03-25,319,321.839996,316.01001,321.140015,321.140015,1321400,1035
2022-03-28,320.220001,334,319.859985,331.779999,331.779999,2255500,1036
2022-03-29,337,353.390015,336.070007,343.970001,343.970001,3157000,1037
2022-03-30,370,389.149994,358.570007,376.920013,376.920013,8082000,1038
2022-03-31,374.950012,377,364.910004,365.230011,365.230011,2232700,1039
2022-04-01,364.899994,369.230011,362.700012,367.440002,367.440002,1360300,1040
2022-04-04,368.359985,384.399994,368.25,384.179993,384.179993,1812700,1041
2022-04-05,382.679993,383.769989,372.279999,378.98999,378.98999,1497900,1042
2022-04-06,372,374.720001,365,371.829987,371.829987,1472100,1043
2022-04-07,369.779999,380.399994,368.76001,379.230011,379.230011,1265400,1044
2022-04-08,376.540009,378.220001,369.079987,369.459991,369.459991,1268100,1045
2022-04-11,365.559998,372.410004,361.109985,368.73999,368.73999,1269000,1046
2022-04-12,373.26001,390.76001,372.459991,376.160004,376.160004,1787300,1047
2022-04-13,376.109985,398.540009,375.790009,395.029999,395.029999,2184900,1048
2022-04-14,394.859985,398,390.170013,390.779999,390.779999,1505200,1049
2022-04-18,389.350006,393.640015,382.420013,387.559998,387.559998,847100,1050
2022-04-19,395.880005,408.48999,394.470001,404.660004,404.660004,1951400,1051
2022-04-20,410.320007,410.700012,384.869995,385.399994,385.399994,2287300,1052
2022-04-21,388.48999,392,375.01001,377.25,377.25,1747700,1053
2022-04-22,373.730011,376.51001,362.660004,363.660004,363.660004,1640000,1054
2022-04-25,361.600006,368.470001,356.51001,368.089996,368.089996,1350800,1055
2022-04-26,364.23999,366.790009,352.440002,352.529999,352.529999,1336600,1056
2022-04-27,352.540009,361.980011,350.049988,354.019989,354.019989,1124300,1057
2022-04-28,359.350006,367.320007,352.089996,362.429993,362.429993,1004900,1058
2022-04-29,364.019989,371.359985,353.929993,354.630005,354.630005,996900,1059
2022-05-02,354,361.440002,349.630005,360.839996,360.839996,794100,1060
2022-05-03,360.019989,361.450012,353.119995,355.700012,355.700012,738800,1061
2022-05-04,352.779999,365.320007,345.170013,364.670013,364.670013,962000,1062
2022-05-05,359.970001,360.940002,338.329987,343.600006,343.600006,1181000,1063
2022-05-06,336.26001,336.75,309.529999,317.049988,317.049988,2650800,1064
2022-05-09,308.790009,313,291,292.679993,292.679993,2201300,1065
2022-05-10,301.420013,307.839996,288.720001,302.109985,302.109985,1402100,1066
2022-05-11,302.109985,306.540009,290.779999,291.299988,291.299988,1456500,1067
2022-05-12,285,302.790009,281.549988,294,294,1480300,1068
2022-05-13,303.130005,312.579987,301.359985,309.290009,309.290009,1076700,1069
2022-05-16,302.109985,308.660004,300.529999,304.149994,304.149994,758600,1070
2022-05-17,314.880005,316.48999,300.769989,305.480011,305.480011,1223600,1071
2022-05-18,296,296.01001,268.359985,272.519989,272.519989,2832100,1072
2022-05-19,267.700012,278.709991,264.23999,271.220001,271.220001,1971100,1073
2022-05-20,279.890015,280.859985,263.200012,274.040009,274.040009,1846700,1074
2022-05-23,269.920013,273.359985,265.529999,272.839996,272.839996,1312100,1075
2022-05-24,266.399994,267.170013,253.070007,257.51001,257.51001,1861500,1076
2022-05-25,254.880005,264.600006,251.509995,260.660004,260.660004,2576400,1077
2022-05-26,276.429993,289.470001,275.48999,287.480011,287.480011,2340000,1078
2022-05-27,288.820007,297.559998,288.820007,293.649994,293.649994,1852600,1079
2022-05-31,296.359985,298.190002,289.029999,292.690002,292.690002,2958000,1080
2022-06-01,297.850006,299.700012,286.869995,289.959991,289.959991,2197000,1081
2022-06-02,290.549988,303.23999,286.700012,302.579987,302.579987,4300700,1082
2022-06-03,303.450012,305.809998,293.570007,300.799988,300.799988,3997300,1083
2022-06-06,305,308.420013,296.600006,301.619995,301.619995,1850900,1084
2022-06-07,295,307.859985,294.679993,306.190002,306.190002,1285500,1085
2022-06-08,306.549988,312.899994,304.320007,307.769989,307.769989,954200,1086
2022-06-09,303.809998,309.440002,302.130005,302.299988,302.299988,867000,1087
2022-06-10,294.579987,297.5,290.070007,291.600006,291.600006,1184500,1088
2022-06-13,280.420013,282.369995,273.339996,278.579987,278.579987,1750200,1089
2022-06-14,280.440002,284.619995,276.579987,280.5,280.5,931000,1090
2022-06-15,283.209991,290.119995,279.75,285.720001,285.720001,955300,1091
2022-06-16,278.369995,278.369995,267.779999,271.339996,271.339996,1269900,1092
2022-06-17,271.269989,281.230011,271.149994,278.130005,278.130005,1383900,1093
2022-06-21,282.890015,284.5,275.890015,276.450012,276.450012,1128700,1094
2022-06-22,274.119995,280.589996,271.350006,277.880005,277.880005,979300,1095
2022-06-23,282.140015,288.410004,278,286.329987,286.329987,972000,1096
2022-06-24,289.920013,295.709991,288.470001,293.359985,293.359985,1443300,1097
2022-06-27,295.119995,297.059998,284.230011,287.480011,287.480011,1010600,1098
2022-06-28,288.369995,294.059998,278.160004,278.559998,278.559998,939700,1099
2022-06-29,280.459991,286.459991,276.529999,282.980011,282.980011,819600,1100
2022-06-30,277.48999,279.829987,271,272.609985,272.609985,1248200,1101
2022-07-01,269.140015,271.079987,261.029999,263.380005,263.380005,1867900,1102
2022-07-05,263.170013,283.839996,258.790009,283.619995,283.619995,2415000,1103
2022-07-06,284.320007,288.899994,275.76001,280.380005,280.380005,956600,1104
2022-07-07,280.329987,291.869995,278.230011,290.720001,290.720001,931500,1105
2022-07-08,288.910004,295.48999,285.149994,293.390015,293.390015,892500,1106
2022-07-11,281,287.200012,277.100006,281.76001,281.76001,1230100,1107
2022-07-12,282.809998,289,277.049988,279.390015,279.390015,776800,1108
2022-07-13,272.890015,283,271.049988,280.970001,280.970001,797300,1109
2022-07-14,277.350006,280.700012,272.26001,278.98999,278.98999,797600,1110
2022-07-15,280.890015,287.630005,280.600006,286.410004,286.410004,946000,1111
2022-07-18,291.600006,293.540009,283.040009,284.640015,284.640015,700700,1112
2022-07-19,290.309998,296.630005,286.839996,296.339996,296.339996,864100,1113
2022-07-20,295.48999,303.769989,294.339996,302.790009,302.790009,1001700,1114
2022-07-21,305.299988,308.25,300.160004,307.359985,307.359985,909100,1115
2022-07-22,307.5,312.25,301.950012,304.5,304.5,808700,1116
2022-07-25,306,306,298.820007,301.320007,301.320007,512800,1117
2022-07-26,293.75,294.529999,281.570007,283.410004,283.410004,1618400,1118
2022-07-27,285.549988,296.350006,283.940002,295.570007,295.570007,1302700,1119
2022-07-28,295.570007,305.160004,293.359985,303.850006,303.850006,807200,1120
2022-07-29,304.380005,310.859985,299.5,310.51001,310.51001,1384200,1121
2022-08-01,308.089996,314.149994,305.679993,310.01001,310.01001,743600,1122
2022-08-02,307.420013,310.420013,303.579987,305.700012,305.700012,803500,1123
2022-08-03,311,316.970001,308.440002,315.380005,315.380005,849600,1124
2022-08-04,316.350006,317.570007,313.670013,316.399994,316.399994,882200,1125
2022-08-05,309.299988,321.420013,308.769989,317.799988,317.799988,1012700,1126
2022-08-08,317.040009,326.5,315.130005,316.23999,316.23999,844500,1127
2022-08-09,314.019989,314.5,303.160004,306.549988,306.549988,669800,1128
2022-08-10,314,322,313.450012,319.26001,319.26001,1145800,1129
2022-08-11,325.839996,328.940002,314.559998,316.980011,316.980011,915900,1130
2022-08-12,320.700012,322.899994,317.140015,321.690002,321.690002,755000,1131
2022-08-15,320.179993,330.470001,320.140015,330.339996,330.339996,953900,1132
2022-08-16,331,335.709991,326.26001,331.700012,331.700012,1078000,1133
2022-08-17,327.529999,332.5,324.51001,329.799988,329.799988,772600,1134
2022-08-18,330.570007,334.959991,328.51001,333.420013,333.420013,834100,1135
2022-08-19,328.480011,329.019989,321.320007,322.470001,322.470001,935200,1136
2022-08-22,317.119995,321.48999,313.519989,315.220001,315.220001,892200,1137
2022-08-23,315.350006,322.549988,314.690002,315.929993,315.929993,689300,1138
2022-08-24,315.100006,321.019989,313.26001,317.839996,317.839996,551800,1139
2022-08-25,319.220001,323.589996,317.040009,323.359985,323.359985,603200,1140
2022-08-26,323.200012,324.899994,310.140015,311.309998,311.309998,1111600,1141
2022-08-29,304.980011,311.970001,303.660004,307.5,307.5,1165100,1142
2022-08-30,311.359985,312,302.5,307.070007,307.070007,1179200,1143
2022-08-31,307.959991,310.48999,295.540009,299.959991,299.959991,1915300,1144
2022-09-01,293.970001,294.880005,283.309998,294.450012,294.450012,3495300,1145
2022-09-02,326.399994,329.640015,311.119995,314.170013,314.170013,8780300,1146
2022-09-06,313.899994,328.579987,312.390015,327.809998,327.809998,3921500,1147
2022-09-07,329.200012,339.75,324.459991,336.869995,336.869995,2616300,1148
2022-09-08,334.640015,346.019989,332.910004,345.790009,345.790009,2206700,1149
2022-09-09,348.450012,355.589996,347.5,348.649994,348.649994,2188100,1150
2022-09-12,349,353.26001,348.059998,352.73999,352.73999,1217400,1151
2022-09-13,342.950012,346.209991,335.369995,337.320007,337.320007,1436400,1152
2022-09-14,339.040009,343.369995,335.390015,342.920013,342.920013,1414300,1153
2022-09-15,341.170013,345.100006,336.570007,338.600006,338.600006,1065700,1154
2022-09-16,331.850006,336.559998,330.160004,333.23999,333.23999,1520400,1155
2022-09-19,330.070007,337.450012,329.429993,337.079987,337.079987,1037400,1156
2022-09-20,334.079987,335.670013,327.799988,331.570007,331.570007,819300,1157
2022-09-21,334.130005,334.130005,317.899994,318.119995,318.119995,1405200,1158
2022-09-22,318.059998,318.279999,306.019989,306.299988,306.299988,1621900,1159
2022-09-23,302.5,303.5,289.26001,293.200012,293.200012,1926600,1160
2022-09-26,292.26001,300.790009,291.869995,294.660004,294.660004,1325200,1161
2022-09-27,300.200012,303.459991,294.559998,299.190002,299.190002,1247800,1162
2022-09-28,300.100006,310.890015,298.540009,309.339996,309.339996,1239500,1163
2022-09-29,303.970001,304.809998,296.140015,300.220001,300.220001,1262600,1164
2022-09-30,285.649994,287.480011,277.5,279.559998,279.559998,3842000,1165
2022-10-03,281.5,295.640015,281.119995,292.100006,292.100006,1776800,1166
2022-10-04,302.130005,308.970001,301.670013,307.799988,307.799988,1551200,1167
2022-10-05,303.850006,311.549988,301.670013,310.049988,310.049988,1259400,1168
2022-10-06,308.019989,316.269989,308.019989,310.480011,310.480011,1060200,1169
2022-10-07,303.549988,306.440002,296.470001,298.220001,298.220001,1284000,1170
2022-10-10,297.640015,297.640015,286.549988,289.850006,289.850006,1134000,1171
2022-10-11,296.929993,304.279999,287.829987,295.679993,295.679993,2579400,1172
2022-10-12,298.850006,302.869995,292.119995,295.5,295.5,1671700,1173
2022-10-13,285.5,299.579987,279.100006,294.51001,294.51001,1492400,1174
2022-10-14,300.269989,304,286.279999,288.779999,288.779999,1551300,1175
2022-10-17,295.559998,300.529999,293.320007,297.649994,297.649994,1492300,1176
2022-10-18,307.73999,308.880005,294.26001,297.76001,297.76001,1142300,1177
2022-10-19,295,304.5,293.76001,296.869995,296.869995,1563900,1178
2022-10-20,296.720001,303.929993,290.200012,293.130005,293.130005,1338300,1179
2022-10-21,291.459991,299.130005,289.01001,298.630005,298.630005,1258100,1180
2022-10-24,299.839996,299.839996,287.640015,297.679993,297.679993,1242000,1181
2022-10-25,301.850006,321.619995,300.529999,320.630005,320.630005,2266000,1182
2022-10-26,316.779999,328.809998,314.100006,321.329987,321.329987,1725900,1183
2022-10-27,323.5,327.299988,316.309998,320.609985,320.609985,1339800,1184
2022-10-28,314.140015,329.480011,312.48999,328.480011,328.480011,1697500,1185
2022-10-31,325,332.589996,323.570007,329.040009,329.040009,1219000,1186
2022-11-01,335,337.140015,327.079987,330.359985,330.359985,1154000,1187
2022-11-02,328.910004,331.109985,315.809998,316.059998,316.059998,1326300,1188
2022-11-03,315.179993,322.829987,310.519989,318.100006,318.100006,873600,1189
2022-11-04,327.529999,330.880005,317.390015,325.570007,325.570007,992400,1190
2022-11-07,330.420013,330.420013,317.600006,324.25,324.25,929400,1191
2022-11-08,326.079987,334.540009,323.570007,328.5,328.5,1044300,1192
2022-11-09,328.26001,334.820007,320.149994,321.209991,321.209991,1370000,1193
2022-11-10,338.839996,354.649994,338.75,353.850006,353.850006,2212200,1194
2022-11-11,353.429993,370.459991,353,359.700012,359.700012,2337900,1195
2022-11-14,354.459991,360.660004,351.059998,352.73999,352.73999,1258800,1196
2022-11-15,364.910004,368.540009,357.350006,359.559998,359.559998,1323400,1197
2022-11-16,351.649994,357.420013,345.769989,355.76001,355.76001,1346200,1198
2022-11-17,349.73999,355.130005,347.589996,354.269989,354.269989,806400,1199
2022-11-18,358.119995,360,344.299988,347.850006,347.850006,1201800,1200
2022-11-21,344.290009,351.309998,340.5,349.380005,349.380005,1042100,1201
2022-11-22,351.790009,355.869995,346.660004,355.640015,355.640015,901800,1202
2022-11-23,355.380005,362.109985,353.079987,360.529999,360.529999,824100,1203
2022-11-25,359.450012,362.279999,358.76001,361.160004,361.160004,523400,1204
2022-11-28,361.76001,368.140015,361.329987,363.279999,363.279999,1099700,1205
2022-11-29,363.390015,368.089996,361.429993,363.320007,363.320007,932800,1206
2022-11-30,364.570007,380.869995,362.649994,380.309998,380.309998,2269800,1207
2022-12-01,380.309998,386.450012,377.890015,381.820007,381.820007,1236300,1208
2022-12-02,375.51001,386.700012,375.200012,385.98999,385.98999,1180800,1209
2022-12-05,384.140015,384.140015,374.76001,381.130005,381.130005,1699600,1210
2022-12-06,380.600006,382.079987,366.390015,370,370,1199400,1211
2022-12-07,371.230011,377.01001,369.980011,372.329987,372.329987,1387000,1212
2022-12-08,374.98999,377.200012,368.440002,374.51001,374.51001,3344100,1213
2022-12-09,344.130005,349,323.149994,326.390015,326.390015,9306000,1214
2022-12-12,325.23999,328.5,319,328.230011,328.230011,4119800,1215
2022-12-13,338,339.809998,321.5,326.269989,326.269989,2618500,1216
2022-12-14,326.269989,337.269989,326,333.329987,333.329987,2816600,1217
2022-12-15,327.100006,331.48999,325,325.209991,325.209991,2073000,1218
2022-12-16,322.070007,326.5,318.190002,321.23999,321.23999,2170500,1219
2022-12-19,321.309998,321.309998,316.51001,316.920013,316.920013,1247600,1220
2022-12-20,315,315.549988,306.380005,307.119995,307.119995,2354200,1221
2022-12-21,317.910004,320.429993,311.559998,316.73999,316.73999,2324900,1222
2022-12-22,313.019989,314.48999,308.690002,312.929993,312.929993,1499300,1223
2022-12-23,310.25,312.679993,309,311.540009,311.540009,933500,1224
2022-12-27,312.769989,318.98999,309.660004,315.040009,315.040009,1287900,1225
2022-12-28,313.98999,315.820007,307.630005,308.959991,308.959991,1458200,1226
2022-12-29,310.209991,318.309998,310.040009,316.820007,316.820007,936000,1227
2022-12-30,311.859985,320.470001,311.299988,320.380005,320.380005,1345300,1228
2023-01-03,326.880005,327.339996,319.459991,323.380005,323.380005,1305000,1229
2023-01-04,326.559998,326.75,317.029999,320.980011,320.980011,1678100,1230
2023-01-05,320.869995,328.540009,316.5,325.929993,325.929993,1787000,1231
2023-01-06,329.5,334.230011,326.820007,329.26001,329.26001,2298200,1232
2023-01-09,293.200012,304.410004,289.480011,298.660004,298.660004,8292900,1233
2023-01-10,299.839996,309.880005,298.589996,309.480011,309.480011,3140400,1234
2023-01-11,310.76001,312.410004,306.899994,311.959991,311.959991,2224400,1235
2023-01-12,311.959991,316.850006,306.859985,314.98999,314.98999,1587700,1236
2023-01-13,311.170013,315.73999,310.25,315.470001,315.470001,1541700,1237
2023-01-17,314,324.190002,313.149994,323.820007,323.820007,1491400,1238
2023-01-18,324.850006,327.76001,317.170013,318.070007,318.070007,1284100,1239
2023-01-19,316.01001,316.839996,306.700012,307.940002,307.940002,1519700,1240
2023-01-20,307.25,314.420013,304.339996,312.799988,312.799988,1537800,1241
2023-01-23,312.5,319.130005,310,316.079987,316.079987,1643400,1242
2023-01-24,304.450012,311.420013,302.109985,311.209991,311.209991,2693700,1243
2023-01-25,305.410004,310.850006,304.220001,309.519989,309.519989,1425100,1244
2023-01-26,313.269989,313.5,305.769989,309.589996,309.589996,1708300,1245
2023-01-27,307.809998,311.690002,305.179993,310.850006,310.850006,2077000,1246
2023-01-30,308.980011,310.959991,302.410004,302.589996,302.589996,1585300,1247
2023-01-31,303.209991,307.26001,301.799988,306.880005,306.880005,1667300,1248
2023-02-01,306.899994,318.690002,305.25,315.709991,315.709991,2010200,1249
2023-02-02,318.959991,328.420013,316.559998,322.76001,322.76001,2224900,1250
2023-02-03,317.5,325.100006,317.5,319.420013,319.420013,1191200,1251
2023-02-06,314.420013,319.390015,310.190002,311.320007,311.320007,1249300,1252
2023-02-07,311.660004,319.779999,305.779999,319.100006,319.100006,1263000,1253
2023-02-08,314.059998,315.519989,307.029999,309.279999,309.279999,1479700,1254
2023-02-09,313.429993,316.529999,309.230011,310.450012,310.450012,1150700,1255
2023-02-10,306.910004,311.5,305.779999,309.399994,309.399994,1364500,1256
2023-02-13,311.309998,317.48999,309.970001,317.079987,317.079987,1202500,1257