Date,Open,High,Low,Close,Adj Close,Volume,Days
2018-02-20,67.639999,67.970001,67.050003,67.489998,64.234993,4859100,0
2018-02-21,67.660004,68.019997,67.029999,67.050003,63.816196,5107900,1
2018-02-22,67.25,67.480003,66.739998,67.129997,63.892361,6515800,2
2018-02-23,67.389999,68.160004,66.849998,68.160004,64.872681,4428500,3
2018-02-26,68.389999,69.809998,68.339996,69.650002,66.290825,6499500,4
2018-02-27,70,70.25,68.029999,68.029999,64.748955,6843100,5
2018-02-28,68.099998,68.300003,67.010002,67.029999,63.797165,6091800,6
2018-03-01,67.239998,67.669998,65.669998,66.32,63.121418,7323900,7
2018-03-02,64.910004,66.089996,64.209999,65.889999,62.901867,8380500,8
2018-03-05,65.480003,65.489998,64.339996,65.050003,62.099937,8838400,9
2018-03-06,65.209999,65.360001,64.629997,65.239998,62.281338,6550100,10
2018-03-07,64.510002,64.790001,63.889999,64.169998,61.259857,6457600,11
2018-03-08,64.559998,65.25,64.480003,65.110001,62.157234,5573000,12
2018-03-09,65.510002,66.510002,65.360001,66.300003,63.293278,5838400,13
2018-03-12,66.650002,67.610001,66.32,66.82,63.78968,7522700,14
2018-03-13,67.300003,67.690002,66.129997,66.169998,63.169174,5167300,15
2018-03-14,66.650002,66.900002,65.669998,66.199997,63.197788,6463800,16
2018-03-15,66.489998,66.610001,66.129997,66.389999,63.379185,5260800,17
2018-03-16,66.309998,66.690002,65.910004,65.910004,62.92094,12860900,18
2018-03-19,65.699997,66.339996,65.190002,65.709999,62.730007,7255600,19
2018-03-20,65.940002,66.870003,65.93,66.800003,63.770584,6906200,20
2018-03-21,66.730003,67.209999,66.309998,66.349998,63.340996,5805200,21
2018-03-22,65.599998,66.150002,64.230003,64.419998,61.498516,12313300,22
2018-03-23,66.699997,67.110001,64.459999,64.629997,61.699001,17343800,23
2018-03-26,65.080002,66.059998,64.989998,65.900002,62.9114,10796000,24
2018-03-27,65.889999,67.639999,65.43,66.169998,63.169174,9452500,25
2018-03-28,66.589996,67.150002,65.269997,65.440002,62.472248,7208400,26
2018-03-29,65.699997,66.550003,65.610001,66.440002,63.42691,10748300,27
2018-04-02,65.970001,66.050003,63.209999,64.120003,61.21212,12383900,28
2018-04-03,64.470001,66.730003,64.360001,66.699997,63.675117,8766400,29
2018-04-04,65.970001,68.5,65.93,68.419998,65.317123,10275800,30
2018-04-05,68.5,69.779999,68.389999,69.589996,66.434052,9093300,31
2018-04-06,68.510002,69.309998,66.93,67.550003,64.486572,9719300,32
2018-04-09,68.389999,68.550003,67.150002,67.18,64.133362,6504500,33
2018-04-10,67.809998,67.879997,66.489998,67,63.961517,10098900,34
2018-04-11,66.580002,67.199997,66.519997,66.830002,63.799217,5185500,35
2018-04-12,67.07,68,67.07,67.769997,64.696587,5145300,36
2018-04-13,68.120003,68.330002,66.980003,67.25,64.20018,4300200,37
2018-04-16,67.809998,67.980003,67.059998,67.059998,64.018776,6484400,38
2018-04-17,67.370003,67.669998,67.279999,67.510002,64.448372,5605700,39
2018-04-18,67.529999,67.739998,66.160004,66.199997,63.197788,7384000,40
2018-04-19,66.029999,66.300003,64.989998,65.730003,62.749123,8274300,41
2018-04-20,65.75,66.110001,65.449997,66.089996,63.092789,10402800,42
2018-04-23,66,67.029999,65.949997,66.879997,63.846951,6338400,43
2018-04-24,67.309998,67.510002,66.720001,66.970001,63.932888,8176100,44
2018-04-25,66.839996,67,66.25,66.669998,63.646473,5188900,45
2018-04-26,66.779999,68.290001,66.639999,68.050003,64.963905,5355200,46
2018-04-27,68.470001,70,68.449997,69.559998,66.405418,7814900,47
2018-04-30,69.580002,69.809998,68.389999,68.389999,65.288498,6484100,48
2018-05-01,67.980003,68.209999,67.029999,68.099998,65.011635,4957800,49
2018-05-02,68.040001,68.559998,67.480003,68.260002,65.164391,5752100,50
2018-05-03,67.800003,67.849998,66.639999,66.900002,63.866051,6155900,51
2018-05-04,66.839996,68.330002,66.800003,68.099998,65.011635,5132900,52
2018-05-07,68.059998,69.419998,68.059998,69.339996,66.195404,5041600,53
2018-05-08,69.199997,69.230003,68.199997,68.459999,65.355309,6534900,54
2018-05-09,68.419998,68.470001,67.010002,67.949997,64.868439,7956300,55
2018-05-10,68.139999,68.269997,67.330002,67.919998,64.839806,4965200,56
2018-05-11,68.029999,68.529999,67.910004,68.43,65.32666,4145100,57
2018-05-14,68.599998,68.889999,68.110001,68.839996,65.718056,3453800,58
2018-05-15,68.309998,69.519997,68.230003,69.5,66.348137,5045000,59
2018-05-16,69.669998,71.510002,69.620003,71.339996,68.104706,9693000,60
2018-05-17,71.400002,71.599998,70.82,70.940002,67.722839,6064700,61
2018-05-18,70.760002,71.589996,70.470001,71.32,68.085594,5688100,62
2018-05-21,71.480003,71.699997,70.709999,71.379997,68.142899,5480700,63
2018-05-22,71.459999,72.190002,71.260002,71.309998,68.076073,5675300,64
2018-05-23,70.949997,71.919998,70.830002,71.339996,68.104706,6806400,65
2018-05-24,71.43,72.279999,71.32,72.18,68.906578,5613800,66
2018-05-25,73.099998,73.489998,71.629997,72.25,68.973427,5889700,67
2018-05-29,71.519997,71.610001,70.43,70.919998,67.70372,5857900,68
2018-05-30,71.459999,72.290001,70.940002,72.230003,68.954338,5799900,69
2018-05-31,72,72.220001,71.239998,71.800003,68.543846,7856200,70
2018-06-01,72.120003,72.949997,72.120003,72.760002,69.654335,4085900,71
2018-06-04,73,73.870003,72.790001,73.830002,70.678665,4581900,72
2018-06-05,73.610001,74.220001,73.139999,74.050003,70.889252,4928700,73
2018-06-06,74.379997,74.940002,74.190002,74.75,71.55938,5318100,74
2018-06-07,74.949997,75.910004,74.650002,74.760002,71.568954,6846300,75
2018-06-08,74.779999,75.07,74.300003,74.900002,71.702965,5524900,76
2018-06-11,75.059998,75.209999,74.540001,74.589996,71.406219,4902800,77
2018-06-12,74.419998,74.610001,74.07,74.290001,71.119003,4356500,78
2018-06-13,74.269997,74.900002,73.989998,74.110001,70.946701,4696200,79
2018-06-14,74.599998,75.150002,74.349998,74.699997,71.511513,4636000,80
2018-06-15,74.709999,75.849998,74.5,75.839996,72.602867,10977300,81
2018-06-18,75.279999,75.760002,74.910004,75.610001,72.382675,4515900,82
2018-06-19,74.5,74.919998,73.650002,74.260002,71.090294,7562200,83
2018-06-20,74.199997,74.910004,73.970001,74.720001,71.53067,4424900,84
2018-06-21,73.699997,74.790001,73.550003,73.940002,70.783951,5537900,85
2018-06-22,73.57,74.410004,73.209999,73.43,70.295731,9404900,86
2018-06-25,73.32,73.360001,72.029999,72.349998,69.26181,9064100,87
2018-06-26,72.5,73.290001,72.349998,72.559998,69.462852,7072600,88
2018-06-27,72.730003,72.949997,71.150002,71.349998,68.30452,7624700,89
2018-06-28,71.449997,72.120003,71.349998,71.699997,68.639565,9118500,90
2018-06-29,78.760002,81,78.360001,79.68,76.278938,31314100,91
2018-07-02,78.580002,79.480003,77.019997,78.349998,75.005707,11867000,92
2018-07-03,77.410004,77.889999,76.099998,76.279999,73.024086,5794900,93
2018-07-05,76.620003,77.419998,76.139999,76.550003,73.282547,6534500,94
2018-07-06,76.480003,77.080002,76.07,76.480003,73.215538,5916200,95
2018-07-09,76.839996,77.379997,76.349998,77.279999,73.981384,4871400,96
2018-07-10,77.440002,78.089996,77.160004,77.57,74.259003,6281800,97
2018-07-11,77.129997,77.639999,76.830002,77.360001,74.057976,3656600,98
2018-07-12,77.940002,78.18,77.230003,77.370003,74.067558,4879200,99
2018-07-13,77.199997,77.610001,77.139999,77.379997,74.07711,2963100,100
2018-07-16,77.360001,78.099998,77.300003,77.75,74.431305,4755100,101
2018-07-17,77.510002,78.019997,77.400002,77.470001,74.163277,4355400,102
2018-07-18,77.43,77.620003,76.32,76.589996,73.320847,6101600,103
2018-07-19,75.93,77.160004,75.800003,76.949997,73.665474,4875100,104
2018-07-20,76.309998,77.080002,76.160004,76.959999,73.675056,5246400,105
2018-07-23,76.709999,76.949997,76.129997,76.589996,73.320847,4198200,106
2018-07-24,76.849998,77.089996,75.440002,75.529999,72.306091,6054000,107
2018-07-25,75.239998,77.18,75.059998,77.160004,73.866508,5542400,108
2018-07-26,77,78.440002,76.82,78.150002,74.81427,6706200,109
2018-07-27,78.169998,78.410004,76.790001,76.889999,73.608032,6125700,110
2018-07-30,76.879997,76.959999,75.43,75.959999,72.717735,7275300,111
2018-07-31,76.440002,77.589996,76.160004,76.910004,73.62719,8265600,112
2018-08-01,76.5,78.059998,76.5,77.540001,74.230309,6878300,113
2018-08-02,77.769997,79.07,77.400002,78.650002,75.292908,5313800,114
2018-08-03,78.730003,78.980003,78.440002,78.739998,75.379066,3762100,115
2018-08-06,78.739998,79.580002,78.43,79.510002,76.116211,4280600,116
2018-08-07,79.730003,80.629997,79.269997,80.529999,77.092659,5418900,117
2018-08-08,80.209999,81.080002,80.040001,80.5,77.06395,5327100,118
2018-08-09,80.489998,81.879997,80.410004,81.260002,77.791527,4558500,119
2018-08-10,80.82,81.290001,80.290001,80.730003,77.284142,5036700,120
2018-08-13,80.82,81.150002,80.010002,80.150002,76.728882,4101200,121
2018-08-14,80.330002,80.849998,79.68,80.139999,76.719307,6079700,122
2018-08-15,79.57,79.860001,79.120003,79.57,76.173645,5057200,123
2018-08-16,79.900002,80.610001,79.800003,80.050003,76.633171,5475800,124
2018-08-17,80.040001,80.440002,79.68,79.75,76.345955,9001400,125
2018-08-20,81.519997,82.419998,80.949997,82.18,78.672226,9345200,126
2018-08-21,82.309998,83.080002,82.019997,82.949997,79.409355,6337000,127
2018-08-22,83.099998,83.68,82.279999,82.639999,79.112602,4308300,128
2018-08-23,82.43,83.57,82.339996,82.910004,79.371094,4156900,129
2018-08-24,82.419998,82.879997,82.099998,82.449997,78.930702,3453000,130
2018-08-27,83.040001,83.449997,82.230003,82.650002,79.122185,4012400,131
2018-08-28,83.230003,83.629997,82.480003,82.580002,79.055183,3788800,132
2018-08-29,82.419998,83.099998,82.220001,82.790001,79.256218,5712400,133
2018-08-30,82.580002,82.760002,81.010002,81.400002,77.925537,7122100,134
2018-08-31,81.25,82.25,81.25,82.199997,78.885201,5177100,135
2018-09-04,79.389999,80.970001,79,79.599998,76.390053,18565800,136
2018-09-05,79.650002,80.32,79.300003,79.919998,76.697159,12269100,137
2018-09-06,80.169998,80.839996,79.769997,80.400002,77.157791,8576900,138
2018-09-07,80.010002,81.160004,80.010002,80.300003,77.061829,6633900,139
2018-09-10,81.389999,82.440002,81.220001,82.099998,78.789246,6965600,140
2018-09-11,83.199997,83.580002,82.550003,82.629997,79.297874,7166800,141
2018-09-12,82.699997,83.040001,82.040001,83,79.652939,5384300,142
2018-09-13,83.209999,83.900002,83.120003,83.470001,80.104004,5382100,143
2018-09-14,83.580002,83.839996,83.059998,83.489998,80.123192,4884400,144
2018-09-17,83.489998,83.93,82.940002,83.260002,79.902473,4861100,145
2018-09-18,83.239998,85.349998,83.239998,85.260002,81.8218,7277700,146
2018-09-19,85.690002,85.849998,84.120003,84.43,81.025269,8053100,147
2018-09-20,85.089996,85.870003,84.93,85.370003,81.927368,6620300,148
2018-09-21,86,86.040001,85.010002,85.550003,82.100121,13852700,149
2018-09-24,85.160004,85.260002,84.25,84.269997,80.871719,8770400,150
2018-09-25,84.860001,85.099998,84.07,84.790001,81.370766,10519500,151
2018-09-26,82.610001,84.730003,81.949997,83.699997,80.324722,16357100,152
2018-09-27,83.769997,84.919998,83.730003,84.540001,81.130844,6080600,153
2018-09-28,84.290001,85.269997,84.25,84.720001,81.303596,7452700,154
2018-10-01,85.099998,85.849998,84.370003,84.459999,81.054077,7876400,155
2018-10-02,84.339996,84.550003,82.5,82.769997,79.43222,8446900,156
2018-10-03,81.93,82.959999,81.75,82.5,79.173111,10046700,157
2018-10-04,82.339996,82.480003,80.019997,80.18,76.946655,9161100,158
2018-10-05,80.089996,80.989998,79.43,80.120003,76.889091,7019100,159
2018-10-08,80.040001,80.540001,79.080002,80.230003,76.994652,8058700,160
2018-10-09,80.370003,81.489998,80.160004,80.419998,77.176994,7643400,161
2018-10-10,79.660004,80.040001,74.769997,74.940002,71.917976,12977800,162
2018-10-11,74.769997,77.07,73.900002,74.510002,71.505325,11532100,163
2018-10-12,75.970001,76.860001,74.910004,75.910004,72.848854,10393800,164
2018-10-15,75.769997,76.160004,74.970001,74.989998,71.965958,5789000,165
2018-10-16,75.599998,77.650002,75.32,77.480003,74.355553,7744200,166
2018-10-17,77.519997,77.800003,75.940002,76.480003,73.395866,6816900,167
2018-10-18,77.400002,77.410004,75,75.599998,72.551338,7622200,168
2018-10-19,75.830002,76.050003,74.139999,74.209999,71.217422,7301200,169
2018-10-22,74.650002,75.209999,74.300003,74.900002,71.879585,7042500,170
2018-10-23,74.190002,74.379997,72.07,73.349998,70.392082,11423800,171
2018-10-24,73.470001,74.610001,71.949997,72.120003,69.211693,8333900,172
2018-10-25,72.690002,73.5,72.230003,73.099998,70.152168,7648000,173
2018-10-26,72,72.709999,70.690002,72.07,69.163704,8371100,174
2018-10-29,73.260002,74.010002,71.389999,72.190002,69.278877,9874200,175
2018-10-30,73.07,74.639999,72.809998,74.510002,71.505325,9470000,176
2018-10-31,75.5,76.339996,74.919998,75.040001,72.013931,8755500,177
2018-11-01,75.230003,76.839996,74.839996,76.790001,73.693382,6117800,178
2018-11-02,77.529999,78.589996,75.709999,76.580002,73.491844,6995100,179
2018-11-05,76.489998,77.769997,76.050003,77.529999,74.403534,7143300,180
2018-11-06,77.339996,77.580002,76.360001,76.57,73.482239,6424200,181
2018-11-07,76.940002,78.230003,76.57,77.970001,74.825768,5403900,182
2018-11-08,77.690002,78.160004,77.239998,77.779999,74.643433,5425000,183
2018-11-09,77.709999,77.769997,75.529999,76.360001,73.280708,4737600,184
2018-11-12,76.349998,76.769997,74.989998,75.099998,72.071518,5204900,185
2018-11-13,75.529999,76.269997,74.839996,75.199997,72.167488,4584600,186
2018-11-14,76.32,77.489998,74.889999,75.199997,72.167488,7984200,187
2018-11-15,74.440002,74.669998,72.889999,74.330002,71.332573,7858300,188
2018-11-16,73.760002,75.519997,73.059998,74.739998,71.726036,8064200,189
2018-11-19,74.690002,74.75,71.860001,72.519997,69.595581,6744900,190
2018-11-20,70.489998,72.07,69.519997,71.120003,68.252014,9053900,191
2018-11-21,71.989998,72.900002,71.809998,72.370003,69.451599,7326100,192
2018-11-23,72.050003,72.519997,71.410004,71.489998,68.607117,2582300,193
2018-11-26,72.339996,73,72.269997,72.709999,69.777908,6458300,194
2018-11-27,72.279999,72.550003,71.300003,72.089996,69.182892,5008000,195
2018-11-28,72.300003,74.760002,72.300003,74.660004,71.649277,6167200,196
2018-11-29,74.639999,74.949997,73.32,74.339996,71.342163,5436700,197
2018-11-30,74.18,75.480003,73.900002,75.120003,72.30468,7947300,198
2018-12-03,77.099998,79,76.93,77.940002,75.019005,10211800,199
2018-12-04,77.419998,78.400002,75.410004,75.790001,72.949593,8800400,200
2018-12-06,74.370003,75.57,73.589996,75.540001,72.708969,9693700,201
2018-12-07,75.040001,75.970001,72.870003,73.339996,70.591393,6133700,202
2018-12-10,73.099998,73.709999,70.610001,72.510002,69.792511,7235000,203
2018-12-11,73.870003,74.57,72.559998,73.57,70.812767,7794500,204
2018-12-12,74.519997,75.279999,73.510002,74.32,71.534668,6950400,205
2018-12-13,74.5,74.589996,72.589996,72.93,70.19677,7454800,206
2018-12-14,71.970001,73.650002,71.410004,72.529999,69.81176,7221200,207
2018-12-17,71.370003,71.769997,69.459999,69.900002,67.280327,10647700,208
2018-12-18,70.900002,72.410004,70.43,71.150002,68.483475,7533300,209
2018-12-19,71.449997,72,68.32,68.970001,66.385178,8426100,210
2018-12-20,68.730003,69.57,66.529999,67.529999,64.999138,14488500,211
2018-12-21,73.290001,74.290001,71.25,72.370003,69.657753,28487900,212
2018-12-24,71.400002,71.93,68.080002,68.099998,65.547791,8551400,213
2018-12-26,68.699997,73.010002,68.650002,73.010002,70.273773,10019200,214
2018-12-27,72.18,73.730003,70.989998,73.669998,70.909027,9004900,215
2018-12-28,73.970001,74.459999,72.57,73.339996,70.591393,6197000,216
2018-12-31,73.980003,74.459999,73.519997,74.139999,71.36142,5519100,217
2019-01-02,72.790001,74.639999,72.190002,74.059998,71.284424,6762700,218
2019-01-03,73.25,73.32,71.209999,72.75,70.023506,8007400,219
2019-01-04,73.449997,75.120003,73.120003,74.650002,71.852303,7844200,220
2019-01-07,74.739998,76.360001,74.300003,75.720001,72.88221,8184800,221
2019-01-08,76.830002,77.400002,76.199997,76.730003,73.85434,8809000,222
2019-01-09,76.970001,77.150002,76.139999,76.589996,73.719582,8591000,223
2019-01-10,75.639999,77.339996,75.459999,76.419998,73.555969,11148600,224
2019-01-11,76.339996,76.889999,75.800003,76.040001,73.190208,10689900,225
2019-01-14,75.459999,76.809998,75.459999,76.089996,73.238327,5677400,226
2019-01-15,76.190002,77.980003,76.129997,77.879997,74.961266,6212400,227
2019-01-16,78,78.849998,77.589996,77.68,74.768753,5697100,228
2019-01-17,77.540001,79.400002,77.309998,79.129997,76.164406,7737300,229
2019-01-18,79.949997,80.970001,79.739998,80.449997,77.434944,10404100,230
2019-01-22,80.330002,81.309998,80.199997,80.75,77.723701,8781700,231
2019-01-23,81.190002,81.400002,80.220001,80.5,77.483063,5823000,232
2019-01-24,80.599998,80.870003,79.550003,80.440002,77.425308,4753200,233
2019-01-25,81.25,81.330002,80.43,80.610001,77.588943,4457100,234
2019-01-28,79.800003,80.510002,79.739998,80.32,77.309807,5452000,235
2019-01-29,80.360001,80.830002,79.839996,80.220001,77.21357,4187500,236
2019-01-30,80.400002,81.290001,80.059998,81.279999,78.233826,5200200,237
2019-01-31,81.18,81.949997,80.709999,81.879997,78.81134,8599200,238
2019-02-01,81.830002,81.900002,81.129997,81.510002,78.455215,5351900,239
2019-02-04,81.220001,82,80.830002,81.989998,78.917229,4236600,240
2019-02-05,81.980003,83.190002,81.93,82.860001,79.754608,6545600,241
2019-02-06,82.510002,82.709999,81.639999,82.709999,79.610229,3682800,242
2019-02-07,82.150002,82.849998,81.709999,82.389999,79.302223,4827500,243
2019-02-08,82.25,82.720001,81.940002,82.360001,79.273369,3786500,244
2019-02-11,82.949997,83.830002,82.870003,83.68,80.543877,6158500,245
2019-02-12,83.970001,84.839996,83.620003,84.709999,81.535294,6290300,246
2019-02-13,84.760002,85.589996,84.760002,85.400002,82.199409,5032800,247
2019-02-14,84.610001,85.139999,83.699997,84.68,81.506401,5179000,248
2019-02-15,85.489998,85.779999,85.099998,85.379997,82.180168,6111300,249
2019-02-19,84.580002,85.050003,84.459999,84.57,81.400528,5105900,250
2019-02-20,84.629997,84.949997,84.349998,84.839996,81.660416,6436100,251
2019-02-21,83.57,84.150002,83.349998,83.949997,80.803757,8579200,252
2019-02-22,84.199997,85.019997,84.029999,84.760002,81.583412,4449500,253
2019-02-25,85.389999,85.730003,84.959999,85.169998,81.97802,6229700,254
2019-02-26,85.309998,86.080002,85.199997,85.800003,82.584435,6678700,255
2019-02-27,85.529999,86.220001,85.059998,86.169998,82.940567,4588200,256
2019-02-28,86.080002,86.400002,85.68,85.730003,82.517067,4988100,257
2019-03-01,86.93,87.989998,86.239998,87.160004,84.109299,6314900,258
2019-03-04,87.32,87.989998,85.110001,85.639999,82.642517,7339500,259
2019-03-05,85.879997,86.25,85.440002,85.440002,82.449509,4976300,260
2019-03-06,85.599998,85.989998,85.040001,85.129997,82.150352,3198000,261
2019-03-07,84.970001,85.410004,84.660004,85.260002,82.275795,4321800,262
2019-03-08,84.580002,84.879997,84.019997,84.800003,81.831909,4669700,263
2019-03-11,85.389999,85.940002,85.050003,85.82,82.816193,3999800,264
2019-03-12,85.779999,86.080002,85.019997,85.43,82.43985,4431600,265
2019-03-13,85.699997,86.660004,85.599998,85.93,82.922356,5037800,266
2019-03-14,86.150002,86.879997,85.699997,86.870003,83.829468,5906100,267
2019-03-15,87.220001,87.610001,85.959999,86.800003,83.761894,11031400,268
2019-03-18,87.300003,87.839996,87,87.82,84.746208,7750700,269
2019-03-19,88.220001,88.589996,87.290001,87.690002,84.620758,6642200,270
2019-03-20,87.5,87.580002,86.089996,86.690002,83.655762,5991500,271
2019-03-21,87.239998,88.120003,86.830002,88.010002,84.929558,10386900,272
2019-03-22,85.199997,85.900002,82.150002,82.190002,79.313271,21659800,273
2019-03-25,81.480003,83.220001,80.889999,82.330002,79.448357,15558300,274
2019-03-26,83.629997,84.089996,82.910004,83.379997,80.461609,9611900,275
2019-03-27,83.690002,83.800003,82.040001,83.089996,80.181747,6485100,276
2019-03-28,83.93,84.720001,83.699997,84.040001,81.098526,6032700,277
2019-03-29,84.599998,84.849998,83.860001,84.209999,81.262573,6492000,278
2019-04-01,85.040001,85.32,84.699997,85.230003,82.246849,6737400,279
2019-04-02,85,85.260002,84.160004,84.370003,81.416969,4433800,280
2019-04-03,84.900002,84.989998,84.25,84.470001,81.513466,4080900,281
2019-04-04,84.489998,85.379997,84.360001,85.279999,82.295113,3660700,282
2019-04-05,86,86.160004,85.050003,85.400002,82.410896,7367400,283
2019-04-08,85.010002,85.290001,84.57,84.730003,81.764351,4705800,284
2019-04-09,84.220001,84.599998,83.970001,84.279999,81.330101,3804500,285
2019-04-10,84.639999,85.010002,84.559998,84.879997,81.909111,3918400,286
2019-04-11,84.900002,85.050003,84.279999,85,82.024902,3347400,287
2019-04-12,85.300003,86.489998,85.290001,86.239998,83.221497,6037000,288
2019-04-15,86.889999,87.239998,86.440002,86.830002,83.790871,5034900,289
2019-04-16,87,87.949997,87,87.800003,84.726898,4652700,290
2019-04-17,87.949997,88.970001,87.449997,88.730003,85.624367,5694900,291
2019-04-18,88.760002,90,88.699997,89.199997,86.077896,7016600,292
2019-04-22,88.349998,88.639999,87.300003,87.360001,84.302315,5390500,293
2019-04-23,87.57,87.669998,87.010002,87.43,84.369858,7513700,294
2019-04-24,87.669998,88.82,87.43,88.389999,85.296249,8063000,295
2019-04-25,88.400002,88.540001,87.489998,87.559998,84.495316,7069900,296
2019-04-26,87.949997,88.940002,87.330002,88.309998,85.219048,6219600,297
2019-04-29,88.18,88.510002,88.129997,88.260002,85.170807,5008400,298
2019-04-30,88.290001,88.400002,87.260002,87.830002,84.755867,7614100,299
2019-05-01,87.730003,87.949997,85.870003,85.900002,82.893402,6524600,300
2019-05-02,86.209999,86.279999,84.989998,85.269997,82.285461,6813700,301
2019-05-03,85.900002,86.300003,85.699997,85.699997,82.700386,6798300,302
2019-05-06,83.769997,83.870003,82.860001,83.57,80.644951,12836600,303
2019-05-07,83.019997,83.629997,81.830002,82.540001,79.651024,9811300,304
2019-05-08,82.43,83.989998,82.139999,82.769997,79.872955,9501300,305
2019-05-09,82.209999,83.010002,81.540001,82.980003,80.075615,6336600,306
2019-05-10,82.779999,84.269997,82.190002,83.949997,81.011658,5450500,307
2019-05-13,81.650002,82.629997,81.32,82.529999,79.641365,6445200,308
2019-05-14,82.779999,84,82.059998,83.669998,80.74147,7529200,309
2019-05-15,83.169998,84.489998,82.940002,84.010002,81.069557,4862200,310
2019-05-16,84.510002,85.400002,84.199997,84.279999,81.330101,6745200,311
2019-05-17,83.510002,85.519997,83.5,84.57,81.609962,5068200,312
2019-05-20,83.800003,83.800003,82.739998,82.849998,79.95015,7181900,313
2019-05-21,83.360001,83.800003,82.510002,83.639999,80.712509,5762500,314
2019-05-22,82.989998,83.339996,82.760002,83.199997,80.287895,5237800,315
2019-05-23,82.5,83.059998,81.989998,82.639999,79.747505,9704200,316
2019-05-24,82.199997,83.169998,82.089996,82.160004,79.284325,5999000,317
2019-05-28,82.849998,83.190002,81.129997,81.199997,78.35791,7927300,318
2019-05-29,80.709999,80.860001,77.699997,78.870003,76.109459,10116900,319
2019-05-30,78.919998,79.730003,78.610001,79.260002,76.485802,6177800,320
2019-05-31,78,78.260002,77.07,77.139999,74.647202,8891100,321
2019-06-03,77.239998,78.580002,77.080002,77.959999,75.440712,11665500,322
2019-06-04,79.300003,81.650002,78.779999,81.620003,78.982437,7526800,323
2019-06-05,82.290001,82.900002,81.93,82.720001,80.046913,8173200,324
2019-06-06,82.720001,83.059998,82.080002,82.449997,79.785614,4953000,325
2019-06-07,83.089996,83.68,82.809998,83.410004,80.7146,3891100,326
2019-06-10,83.75,84.199997,82.449997,82.580002,79.91143,4419800,327
2019-06-11,83.650002,84.339996,83.129997,83.260002,80.56945,3939400,328
2019-06-12,83.480003,84.019997,82.519997,82.629997,79.959801,4025900,329
2019-06-13,83.150002,83.919998,83.050003,83.610001,80.908134,3383400,330
2019-06-14,83.510002,83.860001,83.040001,83.440002,80.743629,4355600,331
2019-06-17,83.339996,83.459999,82.010002,82.110001,79.456619,5101900,332
2019-06-18,82.699997,84.650002,82.5,84.300003,81.575844,6456500,333
2019-06-19,83.730003,83.900002,83.139999,83.550003,80.850082,6217700,334
2019-06-20,84.900002,85.669998,84.419998,85.239998,82.485451,6163800,335
2019-06-21,85.160004,85.75,84.599998,85.75,82.978973,9289800,336
2019-06-24,86,86.849998,84.370003,84.5,81.769379,8043300,337
2019-06-25,84.599998,84.690002,82.160004,82.620003,79.950127,7339900,338
2019-06-26,83.150002,83.690002,82.440002,82.550003,79.882385,5838500,339
2019-06-27,82.93,83.769997,82.93,83.660004,80.956512,11436700,340
2019-06-28,83.989998,84.75,82.669998,83.949997,81.237137,12443800,341
2019-07-01,84.93,86.279999,84.900002,85.410004,82.649979,6587300,342
2019-07-02,85.360001,85.470001,84.220001,84.959999,82.214508,7187200,343
2019-07-03,85.330002,86.290001,85.120003,86.199997,83.414444,4012800,344
2019-07-05,85.800003,86.910004,85.419998,86.82,84.014397,6440900,345
2019-07-08,86.059998,88.519997,85.970001,88.480003,85.620758,7052000,346
2019-07-09,88.099998,88.800003,87.82,88.040001,85.194969,6219700,347
2019-07-10,88.480003,88.940002,87.389999,87.440002,84.614365,5985500,348
2019-07-11,87.709999,88.300003,87.400002,88.290001,85.436905,3942400,349
2019-07-12,88.18,89.309998,88.010002,89.120003,86.240082,4240900,350
2019-07-15,89.059998,89.870003,89.059998,89.480003,86.588448,3750900,351
2019-07-16,89.5,89.709999,88.57,88.599998,85.73687,5812800,352
2019-07-17,88.419998,88.690002,87.440002,87.5,84.67244,4461500,353
2019-07-18,87.629997,87.760002,86.760002,87.440002,84.614365,4607000,354
2019-07-19,87.730003,87.879997,86.480003,86.550003,83.753128,6635300,355
2019-07-22,86.559998,86.989998,85.830002,85.970001,83.191864,6810300,356
2019-07-23,86.639999,87.099998,86.230003,86.699997,83.89827,5659900,357
2019-07-24,86.650002,87.209999,86.309998,86.699997,83.89827,6362900,358
2019-07-25,86.82,87.5,86.589996,87.279999,84.459534,4546400,359
2019-07-26,87.440002,87.839996,86.769997,87.540001,84.711128,3707200,360
2019-07-29,87.650002,87.870003,87.18,87.620003,84.788551,4387300,361
2019-07-30,86.82,87.910004,86.360001,87.199997,84.382133,3561200,362
2019-07-31,87.089996,87.269997,85.550003,86.029999,83.249931,5818200,363
2019-08-01,85.260002,86.769997,82.699997,83.120003,80.433968,7871800,364
2019-08-02,82.529999,83.239998,80.790001,81.139999,78.517967,8761400,365
2019-08-05,79.660004,80.050003,78.190002,78.970001,76.418076,8493300,366
2019-08-06,79.849998,81.589996,79.489998,81.300003,78.672783,8664500,367
2019-08-07,80.5,81.82,80.089996,81.279999,78.653427,6275000,368
2019-08-08,81.809998,83.360001,81.610001,83,80.317833,6208900,369
2019-08-09,83.139999,83.43,81.32,81.980003,79.330803,5460200,370
2019-08-12,81.410004,81.949997,81.18,81.650002,79.011482,3762500,371
2019-08-13,81.169998,84.150002,80.849998,83.32,80.62751,6896800,372
2019-08-14,81.239998,81.690002,80.510002,81.029999,78.411507,7266100,373
2019-08-15,80.93,81.300003,79.440002,79.510002,76.940613,6713600,374
2019-08-16,80.089996,80.559998,79.25,80.279999,77.685753,5649000,375
2019-08-19,82,82.339996,80.830002,81.129997,78.50827,7027900,376
2019-08-20,80.720001,81.230003,79.449997,80.529999,77.927673,5903100,377
2019-08-21,81.940002,82.839996,81.629997,82.739998,80.066231,6454200,378
2019-08-22,83,83.720001,82.5,83.309998,80.617828,5571600,379
2019-08-23,82.019997,82.760002,80.029999,80.440002,77.840561,8497800,380
2019-08-26,81.440002,82.279999,80.739998,82.25,79.592072,4336000,381
2019-08-27,82.629997,83.18,82,82.029999,79.379181,3842500,382
2019-08-28,81.900002,83.589996,81.720001,83.480003,80.782333,4123700,383
2019-08-29,84.220001,85.769997,84.169998,85.379997,82.620941,5101900,384
2019-08-30,85.699997,85.989998,84.410004,84.5,81.980614,5235400,385
2019-09-03,84,84.830002,83.620003,84.669998,82.145554,6360800,386
2019-09-04,85.580002,86.5,85.5,86.349998,83.775459,4151200,387
2019-09-05,87.279999,88.620003,87.279999,88.419998,85.78373,6328400,388
2019-09-06,88.400002,88.980003,88.019997,88.690002,86.04567,3625300,389
2019-09-09,88.940002,89.349998,88.419998,88.669998,86.026268,4282400,390
2019-09-10,88.260002,88.629997,86.290001,86.830002,84.24115,7072400,391
2019-09-11,86.959999,87.25,85.870003,86.75,84.163521,4623300,392
2019-09-12,87.099998,88.07,86.220001,87.669998,85.056091,4057500,393
2019-09-13,88.25,88.790001,87.300003,87.32,84.716537,5894700,394
2019-09-16,87.089996,87.82,86.669998,87.269997,84.668022,4171700,395
2019-09-17,86.769997,87.639999,86.470001,87.589996,84.978485,3248400,396
2019-09-18,87.650002,88.400002,87.209999,88.080002,85.45388,4722200,397
2019-09-19,88.400002,88.720001,87.510002,87.699997,85.085197,4231200,398
2019-09-20,88,88.489998,86.669998,86.68,84.095612,6991100,399
2019-09-23,86.980003,88.019997,86.800003,87.690002,85.075516,4790000,400
2019-09-24,88.449997,88.690002,86.760002,87.18,84.580704,10202900,401
2019-09-25,91.779999,92.790001,90.150002,90.809998,88.10247,25330700,402
2019-09-26,91.620003,92.449997,90.25,92.169998,89.421928,10408300,403
2019-09-27,91.849998,92.860001,91.599998,92.309998,89.557762,6420500,404
2019-09-30,92.529999,94.080002,92.5,93.919998,91.119751,7401200,405
2019-10-01,94.129997,94.75,92.059998,92.279999,89.528648,8464900,406
2019-10-02,91.470001,91.839996,90.57,91.489998,88.762215,6933900,407
2019-10-03,91.309998,92.32,90.349998,92.220001,89.470444,5762300,408
2019-10-04,92.220001,93.169998,91.93,93.07,90.295097,4551400,409
2019-10-07,92.5,93.919998,92.400002,93.169998,90.392097,4975400,410
2019-10-08,90.449997,92.709999,90.410004,91.75,89.014442,6916800,411
2019-10-09,92.410004,93.050003,91.82,92.519997,89.76149,5115900,412
2019-10-10,93.5,93.5,92.720001,93,90.22718,5794100,413
2019-10-11,94,94.57,93.559998,93.879997,91.080948,6220100,414
2019-10-14,94.199997,95.25,94.050003,94.879997,92.051132,4636000,415
2019-10-15,95,95.18,94.120003,94.790001,91.963829,4292500,416
2019-10-16,94.089996,95.139999,94.07,94.879997,92.051132,4883300,417
2019-10-17,95.57,95.889999,94.970001,95.559998,92.710854,3427400,418
2019-10-18,94.809998,96.459999,94.800003,96.099998,93.234764,6209200,419
2019-10-21,96.610001,96.870003,95.419998,96.220001,93.351196,5185800,420
2019-10-22,96.059998,96.830002,95.519997,95.599998,92.749657,5470100,421
2019-10-23,95.029999,95.540001,92.120003,92.32,89.567459,11933600,422
2019-10-24,92.68,92.870003,90.989998,91.5,88.771912,12085800,423
2019-10-25,91.440002,91.830002,90.75,90.919998,88.209206,8147200,424
2019-10-28,91.059998,91.300003,90.169998,90.849998,88.141289,10304700,425
2019-10-29,90.849998,90.919998,89.129997,89.279999,86.618095,9044700,426
2019-10-30,89.449997,90.269997,89.349998,90.190002,87.500969,8127500,427
2019-10-31,90,90.410004,88.940002,89.550003,86.880066,6752000,428
2019-11-01,90.18,90.529999,89,89.18,86.52108,5263600,429
2019-11-04,90.129997,90.559998,89.32,89.860001,87.180801,8161200,430
2019-11-05,90.150002,90.339996,89.540001,89.879997,87.200203,5589700,431
2019-11-06,90.639999,90.720001,88.739998,89.480003,86.812141,7033800,432
2019-11-07,90.470001,90.599998,89.769997,90.400002,87.704704,7110000,433
2019-11-08,90.279999,90.349998,89.290001,89.809998,87.132286,4555400,434
2019-11-11,89.370003,90.099998,89.370003,90.050003,87.365128,3247300,435
2019-11-12,90.309998,92.029999,89.489998,89.5,86.831551,3979600,436
2019-11-13,89.730003,91.550003,89.57,91.290001,88.568161,5923600,437
2019-11-14,91.489998,91.959999,90.720001,91.269997,88.548782,6035300,438
2019-11-15,92.139999,93.559998,91.959999,93.040001,90.265984,6785500,439
2019-11-18,93.5,94.260002,92.910004,94.18,91.372009,6165600,440
2019-11-19,94.610001,95.120003,93.059998,93.610001,90.819008,5368400,441
2019-11-20,94.110001,94.400002,92.769997,93.050003,90.275688,6235400,442
2019-11-21,92.620003,93.300003,92.07,92.160004,89.412239,5493100,443
2019-11-22,92.209999,93.349998,91.93,93.339996,90.557037,4264400,444
2019-11-25,93.779999,93.970001,92.739998,92.900002,90.130157,5419700,445
2019-11-26,93.379997,93.629997,93.019997,93.330002,90.547356,5907400,446
2019-11-27,93.5,94.379997,93.5,94.139999,91.333199,4017400,447
2019-11-29,94.370003,94.610001,93.389999,93.489998,90.93924,2541800,448
2019-12-02,94.089996,94.279999,92.980003,93.559998,91.007324,3892000,449
2019-12-03,92.480003,92.550003,91.309998,92.459999,89.937347,5570700,450
2019-12-04,92.809998,93.790001,92.730003,93.720001,91.162979,4456400,451
2019-12-05,95.879997,95.949997,94.68,95.790001,93.176506,6946000,452
2019-12-06,96.559998,97.309998,96.379997,97,94.35347,6368500,453
2019-12-09,97.019997,97.629997,96.160004,96.629997,93.993568,6517800,454
2019-12-10,96.760002,97.589996,96.629997,97.010002,94.363213,4234300,455
2019-12-11,96.900002,97.32,96.650002,97.18,94.528572,4319700,456
2019-12-12,97.32,98.18,96.900002,97.720001,95.053848,4762800,457
2019-12-13,97.43,98.290001,96.910004,97.769997,95.10247,5247600,458
2019-12-16,98.139999,99.339996,98.059998,98.809998,96.11409,8211300,459
2019-12-17,99.379997,100.169998,99.050003,99.650002,96.931183,7050700,460
2019-12-18,100.199997,100.790001,99.580002,100.57,97.826073,7332000,461
2019-12-19,100.5,101.269997,99.629997,101.150002,98.390244,12214500,462
2019-12-20,101,101.400002,98.849998,99.959999,97.232719,17641600,463
2019-12-23,100.230003,100.690002,99.550003,100.040001,97.310547,6350500,464
2019-12-24,99.830002,100.660004,99.760002,100.139999,97.407806,3328100,465
2019-12-26,100.339996,100.75,100.110001,100.709999,97.962265,3709900,466
2019-12-27,101,101.790001,100.989998,101.57,98.798782,5307500,467
2019-12-30,101.540001,101.610001,100.459999,100.800003,98.049805,3495200,468
2019-12-31,100.580002,101.389999,100.510002,101.309998,98.545883,3213600,469
2020-01-02,101.360001,102.209999,101.019997,102.199997,99.411606,5644100,470
2020-01-03,100.589996,102,100.309998,101.919998,99.139236,4541800,471
2020-01-06,100.949997,101.839996,100.870003,101.830002,99.051712,4612400,472
2020-01-07,101.809998,102.739998,100.809998,101.779999,99.003075,6719900,473
2020-01-08,101.309998,102.139999,100.849998,101.550003,98.779335,4942200,474
2020-01-09,101.940002,102.410004,101.389999,101.480003,98.711258,5007500,475
2020-01-10,101.889999,101.93,100.760002,100.900002,98.147079,5135300,476
2020-01-13,101,102.339996,100.82,102.160004,99.372704,6722400,477
2020-01-14,102.449997,103.889999,102.349998,102.919998,100.111961,5088500,478
2020-01-15,103.25,103.699997,102.480003,102.790001,99.985512,4209200,479
2020-01-16,102.879997,103.57,102.849998,103.370003,100.54969,6571700,480
2020-01-17,103.43,104.550003,103.339996,104.529999,101.67804,6271200,481
2020-01-21,104.25,104.690002,103.809998,104.580002,101.726677,4854700,482
2020-01-22,105,105.620003,104.419998,104.489998,101.63913,5031400,483
2020-01-23,104.029999,104.370003,102.620003,103.019997,100.209236,7102900,484
2020-01-24,103.589996,103.889999,101.660004,102.029999,99.246246,3839300,485
2020-01-27,98.209999,100.709999,98.010002,100.239998,97.505081,9841400,486
2020-01-28,100.339996,101.050003,99.519997,100.410004,97.670448,5673200,487
2020-01-29,101.07,101.300003,99.169998,99.839996,97.115997,4503700,488
2020-01-30,99.019997,99.75,97.370003,98.190002,95.511009,7065100,489
2020-01-31,98.110001,98.449997,95.919998,96.300003,93.672577,8780300,490
2020-02-03,99,100.919998,98.57,99.269997,96.561539,9727000,491
2020-02-04,101.910004,102.779999,101.260002,101.379997,98.613968,6559600,492
2020-02-05,101.760002,101.970001,99.529999,100.540001,97.796906,6108300,493
2020-02-06,100.900002,101.529999,100.160004,100.269997,97.534256,5641800,494
2020-02-07,99.809998,100.400002,98.970001,99.440002,96.726898,4121800,495
2020-02-10,99.220001,100.510002,99,100.019997,97.291084,4213900,496
2020-02-11,100.07,100.349998,99.440002,100.019997,97.291084,4871800,497
2020-02-12,100.739998,103.080002,100.440002,103,100.189774,8075600,498
2020-02-13,102.510002,103.739998,101.68,103.370003,100.54969,5386800,499
2020-02-14,103.529999,103.889999,102.449997,103.540001,100.715057,4305300,500
2020-02-18,103,103.379997,101.610001,102,99.217064,4916200,501
2020-02-19,102.660004,103.389999,102.43,102.459999,99.664497,6200500,502
2020-02-20,102.459999,102.629997,100.550003,102.529999,99.732597,6427600,503
2020-02-21,102,102.080002,99.629997,100.25,97.514801,5750900,504
2020-02-24,95.540001,97.07,95.25,95.910004,93.293213,8364200,505
2020-02-25,96.349998,96.760002,92.620003,92.900002,90.365341,9602100,506
2020-02-26,93.080002,94.650002,91.989998,92,89.489906,9308400,507
2020-02-27,90,93.059998,88.5,88.550003,86.134026,12825700,508
2020-02-28,86.029999,89.470001,85.150002,89.379997,87.182587,16552400,509
2020-03-02,89.599998,93.139999,87.910004,92.68,90.401466,14102000,510
2020-03-03,92.739998,94.980003,90.57,90.93,88.694489,14767600,511
2020-03-04,92.080002,93.82,90.839996,93.790001,91.484177,6904400,512
2020-03-05,91.260002,91.68,89.940002,90.580002,88.353096,8851100,513
2020-03-06,88.360001,89.389999,85.879997,88.360001,86.187675,12336400,514
2020-03-09,81.889999,86.739998,80.919998,84.110001,82.04216,13272700,515
2020-03-10,86.690002,88.400002,82.879997,88.300003,86.12915,12755900,516
2020-03-11,84,84.629997,82.07,84,81.93486,16172000,517
2020-03-12,78.230003,78.489998,73,74.199997,72.375793,21534800,518
2020-03-13,78.199997,78.199997,71.760002,75.580002,73.72187,21859600,519
2020-03-16,65.279999,72.970001,63.369999,66.790001,65.147972,17976700,520
2020-03-17,67.510002,73.330002,62.400002,69.839996,68.122978,17122100,521
2020-03-18,64.790001,68.330002,60,68.040001,66.367241,19498800,522
2020-03-19,67.040001,72.709999,64.150002,70.339996,68.610695,16177200,523
2020-03-20,71.510002,74.059998,67.199997,67.449997,65.79174,15761900,524
2020-03-23,65,66.879997,60.580002,62.799999,61.256065,17690000,525
2020-03-24,65.699997,72.660004,64,72.330002,70.551765,18849500,526
2020-03-25,80.110001,83.489998,76.199997,79.010002,77.067551,27053200,527
2020-03-26,80.169998,86.860001,80.010002,84.300003,82.227501,17200800,528
2020-03-27,81.699997,85.739998,79.510002,83.230003,81.1838,14183400,529
2020-03-30,84,85.959999,81.5,85.379997,83.28093,10960100,530
2020-03-31,85.129997,85.730003,82.400002,82.739998,80.705841,9610100,531
2020-04-01,79.489998,81.18,78.529999,79.230003,77.282135,9771300,532
2020-04-02,79,81.599998,77.160004,80.139999,78.169754,12731300,533
2020-04-03,79.360001,79.790001,77.910004,78.860001,76.921227,8476900,534
2020-04-06,81.910004,85.040001,81.209999,84.629997,82.549362,11266500,535
2020-04-07,88.699997,88.870003,84.029999,84.160004,82.090927,10468100,536
2020-04-08,84.699997,85.769997,83.610001,85.300003,83.202927,6642700,537
2020-04-09,86.690002,87.389999,85.160004,86.790001,84.656273,7773600,538
2020-04-13,85.800003,85.989998,84.139999,84.459999,82.38356,5077600,539
2020-04-14,85.949997,87.769997,85.480003,87.470001,85.319572,6397200,540
2020-04-15,84.870003,85.879997,83.709999,85.040001,82.94931,8053900,541
2020-04-16,85.43,86.529999,84.550003,86.300003,84.178322,9373800,542
2020-04-17,89,90.25,88.360001,89.910004,87.699577,8111400,543
2020-04-20,88.43,89.440002,87.519997,87.900002,85.738983,7244400,544
2020-04-21,85.989998,86.900002,85.089996,85.199997,83.105362,6597000,545
2020-04-22,86.980003,89.440002,86.419998,88.769997,86.587593,6463000,546
2020-04-23,88.940002,89.529999,87.260002,87.349998,85.202499,5343500,547
2020-04-24,88.889999,89.120003,87.650002,88.370003,86.197441,4450100,548
2020-04-27,88.379997,89.870003,87.309998,89.370003,87.172836,6875100,549
2020-04-28,90.550003,90.709999,88.629997,88.800003,86.616867,5145400,550
2020-04-29,90,91.389999,87.830002,88.07,85.904793,9461400,551
2020-04-30,87,88,86.510002,87.18,85.036682,9371400,552
2020-05-01,85.669998,86.110001,84.809998,85.540001,83.437012,6151200,553
2020-05-04,84.68,85.800003,84.309998,85.75,83.641846,6348900,554
2020-05-05,86.540001,88.529999,86.029999,87.199997,85.05619,6321500,555
2020-05-06,88.050003,88.690002,87.43,88.440002,86.265694,7342300,556
2020-05-07,89.400002,90.239998,88.379997,88.559998,86.382751,4565900,557
2020-05-08,90.110001,90.639999,89.589996,90.459999,88.236046,5488000,558
2020-05-11,89.449997,91.419998,89.139999,90.93,88.694489,4937600,559
2020-05-12,91.529999,91.669998,88.150002,88.260002,86.090126,5622600,560
2020-05-13,87.379997,87.739998,85.199997,86.019997,83.90519,6739800,561
2020-05-14,85,86.580002,84.110001,86.550003,84.422173,7431800,562
2020-05-15,85.25,87.230003,84.879997,86.989998,84.851349,9165000,563
2020-05-18,90.489998,91.599998,89.879997,91.040001,88.801781,8517200,564
2020-05-19,90.849998,93.82,90.82,91.510002,89.260223,6514100,565
2020-05-20,93.199997,93.860001,92.699997,92.949997,90.664841,6347000,566
2020-05-21,92.879997,94.379997,92.370003,94.260002,91.942635,7504300,567
2020-05-22,94.419998,94.650002,93.349998,93.75,91.44516,4049500,568
2020-05-26,95.980003,97.43,95.279999,96.620003,94.244621,7185200,569
2020-05-27,98.120003,99.989998,97.620003,99.870003,97.414703,7915900,570
2020-05-28,100.089996,100.690002,98.25,98.459999,96.039368,7260700,571
2020-05-29,98.190002,99.25,96.93,98.580002,96.396286,10332500,572
2020-06-01,98.400002,99.779999,97.889999,99.540001,97.335022,4295400,573
2020-06-02,99.419998,100.879997,98.82,100.739998,98.508423,10798700,574
2020-06-03,101.260002,104.550003,101.120003,104.110001,101.80378,5867700,575
2020-06-04,103.660004,103.900002,100.470001,101.279999,99.036476,8775000,576
2020-06-05,104,104.690002,102.129997,102.709999,100.434799,8363600,577
2020-06-08,103.050003,104.300003,102.709999,104.290001,101.97979,6165400,578
2020-06-09,102.82,103.769997,102.43,102.629997,100.356567,5385900,579
2020-06-10,103,103.150002,101.709999,102.120003,99.857864,5194200,580
2020-06-11,98.379997,98.989998,94.879997,95.169998,93.061821,10976900,581
2020-06-12,97.800003,97.800003,94.739998,96.43,94.293907,7416400,582
2020-06-15,93.900002,98.080002,93.440002,97.839996,95.672661,8645300,583
2020-06-16,101.25,101.339996,97.720001,99.040001,96.846092,6054400,584
2020-06-17,99,100.239998,98.889999,99.209999,97.012314,3405500,585
2020-06-18,98.690002,99.419998,97.849998,98.449997,96.269165,4392400,586
2020-06-19,99.970001,99.980003,95.779999,95.779999,93.658302,10304000,587
2020-06-22,96.849998,99.540001,96.019997,99.510002,97.305679,6918200,588
2020-06-23,101.150002,102.220001,100.709999,101.919998,99.6623,6499000,589
2020-06-24,100.940002,101.849998,98.089996,100.080002,97.863045,8611600,590
2020-06-25,99.230003,101.68,98.800003,101.400002,99.153816,11531400,591
2020-06-26,98.5,98.779999,93.57,93.669998,91.595039,24918500,592
2020-06-29,93.699997,96,93.699997,95.870003,93.746307,9624200,593
2020-06-30,96,98.300003,95.639999,98.050003,95.878014,9065500,594
2020-07-01,98.5,98.720001,97.110001,97.400002,95.242416,5733800,595
2020-07-02,98.779999,99.660004,98.019997,98.43,96.249596,5354900,596
2020-07-06,99.620003,100.029999,99.040001,99.949997,97.735931,4995000,597
2020-07-07,99.220001,99.550003,96.919998,97.07,94.919731,6352900,598
2020-07-08,97.5,98.980003,96.959999,98.839996,96.65052,5634600,599
2020-07-09,98.550003,98.910004,96.370003,96.989998,94.841507,6282300,600
2020-07-10,97,98.050003,95.720001,97.989998,95.819351,3967000,601
2020-07-13,98.25,98.940002,96.260002,96.459999,94.323235,4845600,602
2020-07-14,96.330002,97.25,95.510002,96.760002,94.616592,4850600,603
2020-07-15,98.410004,99.040001,97.309998,98.540001,96.35717,5343700,604
2020-07-16,97.5,98.230003,97.040001,97.260002,95.105522,3594700,605
2020-07-17,96.949997,97.230003,96.040001,96.279999,94.147232,7405700,606
2020-07-20,95.5,96.349998,95.110001,95.650002,93.531189,5822300,607
2020-07-21,96.919998,99,96.099998,98.360001,96.181145,5855600,608
2020-07-22,98.160004,98.989998,97.910004,98.910004,96.718979,4097000,609
2020-07-23,98.349998,100.18,97.720001,98.300003,96.122475,4530500,610
2020-07-24,98.139999,99.360001,97.699997,98.43,96.249596,5638400,611
2020-07-27,96.959999,98.400002,96.889999,97.209999,95.056625,4273400,612
2020-07-28,96.949997,97.470001,96.160004,96.269997,94.137451,3822600,613
2020-07-29,96.43,97.550003,96.300003,96.970001,94.821945,6872400,614
2020-07-30,96.470001,97.230003,95.800003,96.82,94.675262,4018400,615
2020-07-31,96.889999,97.650002,96.300003,97.610001,95.447777,5509900,616
2020-08-03,98.029999,99.290001,97.82,98.330002,96.15181,5472700,617
2020-08-04,97.790001,97.949997,96.550003,97.330002,95.173973,7539300,618
2020-08-05,97.120003,101.25,97.080002,100.940002,98.704002,7217500,619
2020-08-06,100.639999,101.18,100.029999,100.449997,98.224854,4060900,620
2020-08-07,101,101.910004,99.889999,101.860001,99.60363,5545600,621
2020-08-10,102.470001,106.830002,102.400002,105.410004,103.074989,12678000,622
2020-08-11,106.849998,107.330002,104.860001,105.120003,102.791412,5400700,623
2020-08-12,105.720001,105.889999,103.379997,105.220001,102.889183,4714800,624
2020-08-13,105.300003,106.989998,105.199997,106.519997,104.160385,4281700,625
2020-08-14,106.120003,106.779999,105.459999,106.43,104.072395,2985700,626
2020-08-17,106.5,106.5,105.120003,105.660004,103.31945,3017000,627
2020-08-18,106.459999,107,105.470001,106.970001,104.600418,5023000,628
2020-08-19,107.690002,109.690002,107.349998,108.389999,105.988976,9508100,629
2020-08-20,107.559998,108.739998,107.349998,108.010002,105.617386,4304000,630
2020-08-21,108,109.769997,107.75,109.75,107.31884,5564000,631
2020-08-24,110,112,109.900002,111.830002,109.352776,8173100,632
2020-08-25,112,112.279999,111.089996,111.510002,109.039848,4380900,633
2020-08-26,111.919998,112.089996,111.290001,111.529999,109.05941,4477900,634
2020-08-27,111.989998,112.790001,110.5,110.839996,108.384689,4390800,635
2020-08-28,111.010002,112.669998,110.57,112.290001,110.045822,3731100,636
2020-08-31,112.139999,112.519997,111.139999,111.889999,109.653816,3519800,637
2020-09-01,112,114.900002,111.830002,114.839996,112.544853,4912400,638
2020-09-02,115.059998,117.410004,114.5,116.800003,114.465675,6775400,639
2020-09-03,116.800003,116.900002,112,112.849998,110.59462,7264400,640
2020-09-04,112.959999,113.75,110.209999,112.400002,110.153633,5157600,641
2020-09-08,111.290001,113.839996,110.540001,112.720001,110.467224,5300100,642
2020-09-09,113.019997,116.209999,112.830002,114.900002,112.603668,5997900,643
2020-09-10,115.900002,118.230003,114,114.790001,112.495857,5032800,644
2020-09-11,116.760002,119.25,116.419998,118,115.641701,8565200,645
2020-09-14,118.5,119.93,118.169998,119.279999,116.896133,4990300,646
2020-09-15,119.699997,120.480003,119.18,119.269997,116.886314,5934200,647
2020-09-16,118.309998,119.690002,118.160004,118.589996,116.21991,7023700,648
2020-09-17,117.339996,118.550003,115.800003,116.360001,114.034485,7376400,649
2020-09-18,115.43,117.910004,114.489998,114.660004,112.368462,12876600,650
2020-09-21,112.949997,114.059998,111.739998,113.370003,111.104233,8486400,651
2020-09-22,113.099998,117.199997,112.849998,116.870003,114.534302,13007200,652
2020-09-23,130.220001,130.380005,125.260002,127.110001,124.569626,37822700,653
2020-09-24,126.440002,127.540001,123.300003,124.75,122.256805,13485800,654
2020-09-25,123.650002,124.75,122.269997,124.230003,121.7472,9182800,655
2020-09-28,125.160004,126.190002,123.889999,124.32,121.835396,7525000,656
2020-09-29,124.339996,127.099998,123.959999,126.349998,123.824821,7796400,657
2020-09-30,126.099998,127.279999,125.160004,125.540001,123.031021,8699700,658
2020-10-01,127.730003,127.730003,125.309998,126.639999,124.109024,5637200,659
2020-10-02,124.349998,126.800003,123.589996,126.639999,124.109024,7491100,660
2020-10-05,127.07,128.5,126.449997,127.910004,125.353645,8270300,661
2020-10-06,128.839996,130.440002,127.269997,127.650002,125.098846,5978000,662
2020-10-07,128.399994,130.410004,128.25,130.059998,127.460663,4390500,663
2020-10-08,130.399994,130.929993,129.509995,129.710007,127.117683,3595600,664
2020-10-09,129.990005,131.190002,129.330002,130.979996,128.362274,4293400,665
2020-10-12,131.190002,131.339996,129.259995,129.460007,126.872673,5136500,666
2020-10-13,128.050003,129.869995,127.959999,129.199997,126.617851,4245000,667
2020-10-14,129.529999,129.600006,127.010002,127.660004,125.10865,3586600,668
2020-10-15,126.480003,129.100006,126.110001,129,126.42186,4235800,669
2020-10-16,129.509995,130.190002,127.550003,128,125.441856,6010900,670
2020-10-19,129.100006,129.779999,127.050003,127.43,124.88324,5160800,671
2020-10-20,128,129.899994,127.720001,128.490005,125.922066,3799200,672
2020-10-21,128.5,131.380005,128.449997,129.429993,126.843277,4916300,673
2020-10-22,129.600006,130.259995,128.860001,130.020004,127.421501,2869900,674
2020-10-23,130,130.600006,128.649994,129.990005,127.39209,4046300,675
2020-10-26,129.059998,129.619995,126.68,128.369995,125.804451,5422500,676
2020-10-27,128.779999,129.490005,127.900002,127.989998,125.43206,2985700,677
2020-10-28,125.279999,126.400002,121.040001,122.080002,119.64016,8618300,678
2020-10-29,122.279999,124.190002,121.150002,122.860001,120.404579,4947000,679
2020-10-30,123.660004,123.660004,118.800003,120.080002,117.680138,7791600,680
2020-11-02,122.370003,124.099998,121.099998,122.389999,119.94397,4740400,681
2020-11-03,124.010002,125.5,123.190002,124.589996,122.099998,3490900,682
2020-11-04,125.330002,128.929993,125.260002,127.339996,124.795044,5061800,683
2020-11-05,129.190002,130.410004,128.460007,129.699997,127.107872,3940000,684
2020-11-06,129.910004,129.910004,128.350006,128.899994,126.323868,2954000,685
2020-11-09,135.059998,136.350006,128.770004,128.949997,126.372856,7491700,686
2020-11-10,130.050003,130.119995,126.25,127.709999,125.157646,8014700,687
2020-11-11,128.690002,129.800003,127.18,127.660004,125.10865,6058700,688
2020-11-12,126.620003,127.839996,125.629997,126.639999,124.109024,4780400,689
2020-11-13,127.910004,128.600006,126.830002,128.279999,125.716263,3986100,690
2020-11-16,129.460007,130.320007,127.370003,130.110001,127.509674,6116200,691
2020-11-17,130.479996,132.600006,129.110001,132.210007,129.567688,7002900,692
2020-11-18,133.070007,133.979996,131.529999,131.630005,128.999298,5572800,693
2020-11-19,131.919998,132.110001,129.929993,131.910004,129.273697,4642800,694
2020-11-20,133.300003,133.529999,131.910004,132.979996,130.322327,4318100,695
2020-11-23,134.380005,134.889999,133.089996,134.130005,131.449341,6118400,696
2020-11-24,135,135.990005,134.210007,134.699997,132.007965,7204700,697
2020-11-25,134.25,135.800003,133.619995,135.539993,132.831161,4484500,698
2020-11-27,136,136.130005,133.339996,134.25,131.56694,3506800,699
2020-11-30,133.910004,135.289993,132.690002,134.699997,132.007965,9652500,700
2020-12-01,136.440002,136.5,134.75,135.440002,132.733154,3833100,701
2020-12-02,135.160004,136.320007,134.669998,135.580002,132.870361,4132700,702
2020-12-03,135.100006,137.949997,135,136.960007,134.222794,4930900,703
2020-12-04,137.080002,137.399994,135.639999,137.190002,134.718674,4344000,704
2020-12-07,137,138.860001,136.800003,138.75,136.250595,4590800,705
2020-12-08,138.240005,140.440002,137.649994,139.119995,136.613907,6953600,706
2020-12-09,140.570007,140.570007,138.270004,138.789993,136.289825,4341300,707
2020-12-10,138.279999,139.139999,137.240005,137.580002,135.101669,4511000,708
2020-12-11,137.389999,138.139999,136.229996,137.410004,134.934753,4172400,709
2020-12-14,138.919998,139,136.199997,136.279999,133.825073,7599000,710
2020-12-15,137.429993,139.440002,137.25,139.389999,136.879059,7637000,711
2020-12-16,139.070007,140.490005,137.460007,138.339996,135.847977,6573400,712
2020-12-17,139.919998,140.740005,138.75,140.5,137.96907,8727000,713
2020-12-18,141.089996,141.139999,137.169998,137.279999,134.807083,17970800,714
2020-12-21,144.820007,147.949997,142.509995,144.020004,141.425659,16111300,715
2020-12-22,143.050003,143.470001,141.089996,142.449997,139.883926,6339400,716
2020-12-23,142.559998,143.600006,141.699997,141.759995,139.206345,3388300,717
2020-12-24,141.100006,142.190002,141.100006,141.600006,139.049255,1821900,718
2020-12-28,142.539993,142.919998,141.039993,142.429993,139.864273,4081500,719
2020-12-29,142.830002,143.059998,140.429993,141.570007,139.019806,3232400,720
2020-12-30,142.160004,142.610001,140.660004,141.580002,139.029602,3052100,721
2020-12-31,141.699997,141.789993,140.369995,141.470001,138.921585,2949900,722
2021-01-04,142.850006,142.970001,138.320007,140.100006,137.576294,6178500,723
2021-01-05,138.600006,141.660004,138.600006,141.229996,138.685898,4163100,724
2021-01-06,141.25,143.570007,139.529999,142.350006,139.785736,6072900,725
2021-01-07,143.199997,145.639999,143,144.949997,142.338882,5256900,726
2021-01-08,145.550003,146.820007,144.899994,146.350006,143.713684,3950500,727
2021-01-11,146,147.100006,144.800003,147.050003,144.401062,4252000,728
2021-01-12,146.5,146.850006,144.380005,145.050003,142.437088,3678800,729
2021-01-13,144.830002,145.130005,142.429993,143.039993,140.463272,3330100,730
2021-01-14,143.660004,144.899994,140.929993,141.300003,138.754669,4104000,731
2021-01-15,140.559998,142.380005,139.880005,140.720001,138.185104,6412400,732
2021-01-19,140.990005,141.220001,138.410004,139.270004,136.76123,6537800,733
2021-01-20,140.380005,143.210007,140.009995,142.800003,140.227631,4654400,734
2021-01-21,142.410004,143.809998,141.130005,141.610001,139.059067,4011200,735
2021-01-22,141.089996,141.880005,139.309998,139.350006,136.839783,4150500,736
2021-01-25,138.990005,139.179993,134.740005,137.550003,135.072205,5998700,737
2021-01-26,137.759995,137.850006,134.710007,135.100006,132.666321,5312300,738
2021-01-27,132.220001,132.860001,130.270004,131.020004,128.659836,7815900,739
2021-01-28,132.360001,136.369995,131.5,134.720001,132.293198,6244600,740
2021-01-29,133.949997,135.029999,132.149994,133.589996,131.183533,7166100,741
2021-02-01,135.369995,136.050003,133.300003,135.710007,133.26535,4366800,742
2021-02-02,137.059998,139.860001,136.75,139.589996,137.07547,7132800,743
2021-02-03,139.699997,140.059998,138.009995,138.630005,136.132736,4678600,744
2021-02-04,139.550003,141.050003,138.919998,140.630005,138.096725,4533700,745
2021-02-05,141.339996,145.570007,141.289993,145.110001,142.496002,6151500,746
2021-02-08,145.149994,145.880005,142.800003,143.410004,140.826614,6304300,747
2021-02-09,143.600006,144.220001,141.699997,141.789993,139.235809,3436300,748
2021-02-10,142.449997,142.600006,140.899994,142.460007,139.893753,4125700,749
2021-02-11,143,144.350006,142.410004,143.539993,140.954269,3828700,750
2021-02-12,143.110001,143.449997,141.399994,142.119995,139.559875,3637000,751
2021-02-16,143.369995,143.369995,141.029999,141.710007,139.157272,4873400,752
2021-02-17,141.300003,144.559998,140.210007,143.990005,141.39621,6437100,753
2021-02-18,142.979996,145.389999,141.210007,145.089996,142.476379,4486800,754
2021-02-19,145.429993,145.5,141.5,142.020004,139.46167,7486000,755
2021-02-22,141.539993,142.460007,136.259995,136.669998,134.208054,8985900,756
2021-02-23,136.029999,136.830002,131.580002,136.130005,133.677765,10364100,757
2021-02-24,135.059998,135.960007,133.949997,135.649994,133.206406,6360900,758
2021-02-25,137.600006,139.179993,134.529999,135.539993,133.098404,5674300,759
2021-02-26,135.899994,136.850006,133.360001,134.779999,132.62117,6650200,760
2021-03-01,135.639999,139.149994,135.5,137.649994,135.445206,5717800,761
2021-03-02,137.559998,138.259995,135.610001,137.020004,134.825302,5292700,762
2021-03-03,137.089996,137.410004,134.149994,134.259995,132.109482,4888400,763
2021-03-04,134,135.130005,130.179993,132.039993,129.925064,7181500,764
2021-03-05,133.539993,133.679993,129.190002,133.350006,131.214081,5957100,765
2021-03-08,133.639999,135.630005,132.369995,134.559998,132.404694,4983000,766
2021-03-09,135.509995,138,135.449997,135.949997,133.77243,5977800,767
2021-03-10,136.5,138.199997,136.100006,137.589996,135.386185,4519600,768
2021-03-11,139.179993,142.199997,138.559998,141.190002,138.928513,5696500,769
2021-03-12,140,140.910004,138.600006,140.449997,138.200378,4143200,770
2021-03-15,140.699997,145,140.669998,144.940002,142.618439,5413900,771
2021-03-16,145.880005,146.149994,143.839996,144.649994,142.333084,5623000,772
2021-03-17,143.199997,146.149994,143.199997,144.820007,142.500366,5134400,773
2021-03-18,144.369995,146.660004,142.550003,143.169998,140.87677,10188400,774
2021-03-19,140,142.860001,135.509995,137.490005,135.287781,24980400,775
2021-03-22,137.630005,138.809998,136.029999,138.270004,136.055298,7537300,776
2021-03-23,138.490005,140.639999,136.550003,137.119995,134.923676,5582600,777
2021-03-24,136.449997,137.919998,132.880005,133.160004,131.027145,8157600,778
2021-03-25,127.050003,129.389999,125.440002,128.639999,126.579536,18475800,779
2021-03-26,131.600006,133.190002,129.770004,132.990005,130.859848,10010500,780
2021-03-29,132.940002,133.910004,130.660004,133.490005,131.351837,7153900,781
2021-03-30,132.350006,133.350006,131.220001,132.949997,130.820496,6026600,782
2021-03-31,133.089996,134.179993,131.919998,132.889999,130.761444,6878900,783
2021-04-01,134.690002,134.690002,132.210007,132.529999,130.407211,5720600,784
2021-04-05,133.100006,135.679993,133.100006,135.119995,132.955734,5508900,785
2021-04-06,135.440002,137.710007,134.929993,137.160004,134.963058,4670100,786
2021-04-07,136.990005,138.240005,136.360001,136.539993,134.352966,6646000,787
2021-04-08,137.279999,137.309998,133.410004,133.679993,131.538803,8748400,788
2021-04-09,133.940002,135.5,133.5,135.449997,133.280441,6056800,789
2021-04-12,134.75,136.899994,134.220001,136.639999,134.451385,5638200,790
2021-04-13,135.600006,135.990005,133.399994,133.539993,131.401031,8778200,791
2021-04-14,133.539993,134.179993,131.820007,132.259995,130.141541,7354100,792
2021-04-15,133,134.070007,132.679993,133.669998,131.528961,6284800,793
2021-04-16,134.710007,134.770004,133.729996,134.309998,132.158707,6852500,794
2021-04-19,134.300003,134.380005,132.149994,132.570007,130.446579,5613600,795
2021-04-20,129.169998,129.899994,125.699997,127.110001,125.074036,13268700,796
2021-04-21,127.589996,130.330002,127.370003,129.899994,127.819336,7110900,797
2021-04-22,129.889999,130.369995,127.980003,129.179993,127.11087,6442900,798
2021-04-23,128.929993,130.649994,128.460007,130.190002,128.104706,7489000,799
2021-04-26,130.490005,131.699997,129.320007,131.600006,129.492111,8217800,800
2021-04-27,132,132.789993,131.410004,132.110001,129.993958,5833100,801
2021-04-28,132.259995,132.330002,130.350006,130.710007,128.616364,8195400,802
2021-04-29,131.770004,134.119995,131.229996,133.259995,131.125534,6612500,803
2021-04-30,132.440002,133.880005,132.050003,132.619995,130.495758,5643600,804
2021-05-03,133.369995,134.449997,132.589996,133.029999,130.899216,5053000,805
2021-05-04,132.229996,132.589996,130.479996,131.550003,129.442917,6129500,806
2021-05-05,132.699997,134.220001,132.080002,132.210007,130.092331,6234200,807
2021-05-06,132.600006,133.839996,131.940002,133.490005,131.351837,5201000,808
2021-05-07,135,139.360001,134.720001,137.809998,135.602646,10566700,809
2021-05-10,138,138.899994,136.300003,136.399994,134.215225,5669300,810
2021-05-11,138.380005,138.380005,135.009995,137.119995,134.923676,8045400,811
2021-05-12,135.419998,136.820007,133.339996,133.389999,131.253464,5865100,812
2021-05-13,133.699997,135.029999,132.490005,133.610001,131.469925,6284300,813
2021-05-14,134.339996,136.679993,134.050003,135.929993,133.752747,4367900,814
2021-05-17,136.330002,137.070007,135.5,136.410004,134.225082,3934200,815
2021-05-18,136.440002,137.470001,135.449997,135.559998,133.388702,5664700,816
2021-05-19,133.479996,133.970001,131.960007,132.960007,130.830338,5582300,817
2021-05-20,133.779999,134.210007,132.190002,133.270004,131.135376,4934800,818
2021-05-21,133.830002,134.169998,132.410004,132.660004,130.535141,5329700,819
2021-05-24,133.100006,134.350006,132.809998,134.059998,131.912704,4313200,820
2021-05-25,134.940002,135.169998,133.850006,134.320007,132.168564,4885800,821
2021-05-26,135.199997,137.919998,135,136.889999,134.697403,6781500,822
2021-05-27,137.550003,138.309998,136.460007,136.559998,134.372665,12882300,823
2021-05-28,136.240005,137.350006,136.089996,136.460007,134.545227,4153500,824
2021-06-01,137.850006,138.050003,134.210007,134.509995,132.622559,5577900,825
2021-06-02,134.589996,135.490005,133.529999,134.169998,132.287338,5226100,826
2021-06-03,133.199997,134.690002,132.509995,134.169998,132.287338,5027400,827
2021-06-04,134.5,134.940002,132.279999,133.740005,131.863373,5217100,828
2021-06-07,134,135.199997,133.449997,133.949997,132.070435,3765000,829
2021-06-08,134.690002,134.720001,132.410004,133.350006,131.478851,4915200,830
2021-06-09,133.619995,134.899994,131.449997,131.839996,129.990005,6448100,831
2021-06-10,131.5,132.570007,130.190002,130.979996,129.14209,6584100,832
2021-06-11,131.5,131.990005,130.529999,131.940002,130.088638,5414500,833
2021-06-14,131.699997,132.050003,130.130005,131.360001,129.516769,5743600,834
2021-06-15,131.539993,131.75,129.830002,130.289993,128.461792,5168100,835
2021-06-16,130.300003,131.169998,129.600006,130.399994,128.570251,7915500,836
2021-06-17,129.240005,129.880005,127.860001,128.919998,127.111008,8568100,837
2021-06-18,126.68,129.029999,126.68,128.410004,126.60817,9784800,838
2021-06-21,129.240005,130.759995,128.699997,130.080002,128.25473,6288500,839
2021-06-22,130.830002,132.690002,130.130005,132.479996,130.621063,6043800,840
2021-06-23,132.809998,133.699997,132.210007,133.100006,131.232361,4566000,841
2021-06-24,133.899994,134.820007,132.899994,133.600006,131.725342,11420500,842
2021-06-25,152.410004,154.589996,150.479996,154.350006,152.184189,46285400,843
2021-06-28,153.919998,154.050003,151.509995,152.360001,150.222107,13133300,844
2021-06-29,153.259995,156.399994,152.910004,155.949997,153.761749,10279900,845
2021-06-30,154.789993,155.339996,153.520004,154.490005,152.32222,10281800,846
2021-07-01,154.070007,158.210007,153.889999,158,155.782959,9011500,847
2021-07-02,158.210007,159.970001,157.639999,159.740005,157.49855,6396700,848
2021-07-06,159.919998,160.440002,157.860001,160.110001,157.863342,6671000,849
2021-07-07,160.160004,161.5,158.279999,160.160004,157.912659,5408300,850
2021-07-08,158.169998,160.820007,157.350006,160.630005,158.376068,6081600,851
2021-07-09,161.690002,161.960007,160.509995,161,158.74086,5002300,852
2021-07-12,161.639999,162.429993,160.710007,161.820007,159.549347,4992200,853
2021-07-13,161.350006,162.309998,161.009995,161.589996,159.322586,5747700,854
2021-07-14,161.869995,162.729996,161.339996,161.539993,159.2733,4928000,855
2021-07-15,160.860001,162.199997,160.389999,161.690002,159.421188,6432500,856
2021-07-16,161.619995,161.699997,159.639999,159.850006,157.60701,6603700,857
2021-07-19,158.149994,158.820007,156.600006,157.869995,155.65477,7377100,858
2021-07-20,157.259995,160.429993,156.580002,159.740005,157.49855,4629200,859
2021-07-21,160.5,161.429993,160.009995,161.080002,158.819717,5393100,860
2021-07-22,161.110001,163.75,160.929993,163.679993,161.38327,4851500,861
2021-07-23,164.350006,166.449997,163.729996,166.360001,164.02565,4217700,862
2021-07-26,165.710007,166.529999,163.820007,165.089996,162.773468,3858800,863
2021-07-27,164.820007,165.610001,162.580002,164.570007,162.260803,4359000,864
2021-07-28,164.490005,165.899994,164.080002,165.460007,163.138275,4093600,865
2021-07-29,165.899994,167.029999,165.389999,166.990005,164.64682,3605600,866
2021-07-30,166.589996,167.869995,166.350006,167.509995,165.1595,5364400,867
2021-08-02,169.059998,169.979996,168.029999,168.75,166.382126,5532500,868
2021-08-03,169.220001,171.5,168.490005,171.229996,168.827332,5718100,869
2021-08-04,171.360001,172.339996,170.960007,171.910004,169.497772,4646200,870
2021-08-05,171.410004,174,171.179993,173.850006,171.410553,3824000,871
2021-08-06,174.360001,174.380005,172.699997,172.800003,170.37529,4088700,872
2021-08-09,172.5,173.059998,171.619995,171.770004,169.359741,3612800,873
2021-08-10,171.559998,173.960007,171.429993,172.270004,169.852753,3747100,874
2021-08-11,172,173.220001,170.940002,171.270004,168.866745,4078300,875
2021-08-12,170.889999,171.320007,169.479996,170.639999,168.245605,3997100,876
2021-08-13,170.449997,171.720001,168.779999,171.690002,169.280869,2966200,877
2021-08-16,170.699997,172.399994,169.660004,172.360001,169.941483,3530200,878
2021-08-17,171.539993,171.699997,169.380005,170.660004,168.26532,3602900,879
2021-08-18,169.75,171.800003,168.660004,168.809998,166.441284,5487400,880
2021-08-19,166.960007,167.539993,164.369995,165.589996,163.266434,7336300,881
2021-08-20,166.270004,168.009995,165.419998,167.789993,165.435577,4039100,882
2021-08-23,169.449997,170.899994,169.179993,169.720001,167.338516,3796500,883
2021-08-24,169.600006,170.869995,168.889999,169.979996,167.594864,3133100,884
2021-08-25,170,170.690002,169.529999,169.839996,167.456848,3003800,885
2021-08-26,169.380005,169.520004,166.270004,166.919998,164.577805,4069600,886
2021-08-27,167.270004,168.070007,166.279999,167.580002,165.50119,3012400,887
2021-08-30,167.889999,168.410004,166.570007,168.029999,165.945602,3537100,888
2021-08-31,167.550003,167.679993,164.199997,164.740005,162.696426,7545600,889
2021-09-01,164.919998,166.619995,164.080002,164.559998,162.518646,4706500,890
2021-09-02,165.240005,165.429993,162.789993,163.669998,161.639694,4632100,891
2021-09-03,163.199997,164.169998,162.220001,163.289993,161.264404,4254500,892
2021-09-07,163.699997,163.860001,161.910004,162.639999,160.622482,5648800,893
2021-09-08,162,162.089996,159.75,160.710007,158.716431,6591700,894
2021-09-09,165.259995,166.149994,163.199997,163.339996,161.313782,8414800,895
2021-09-10,164.25,165.660004,163.440002,163.589996,161.560684,4252100,896
2021-09-13,161.559998,162.919998,158.330002,159.520004,157.541183,8814500,897
2021-09-14,159.169998,159.389999,157.070007,158.759995,156.790604,5323900,898
2021-09-15,157.5,158.320007,155.669998,157.910004,155.951157,6827100,899
2021-09-16,157.589996,159.009995,157.199997,157.600006,155.64502,5085900,900
2021-09-17,157.960007,161,156.070007,156.419998,154.47963,7944800,901
2021-09-20,153.729996,155.270004,152.320007,154.25,152.336548,7041200,902
2021-09-21,155.089996,156.130005,153.580002,155.020004,153.097015,5857900,903
2021-09-22,156.789993,158,155.600006,157.440002,155.487,6844800,904
2021-09-23,158.710007,160.289993,158.270004,159.580002,157.600433,11981500,905
2021-09-24,151.039993,151.850006,148,149.589996,147.73436,26913300,906
2021-09-27,149.509995,149.910004,147.289993,148.039993,146.203568,11479300,907
2021-09-28,147.339996,147.529999,145,145.300003,143.497574,10692300,908
2021-09-29,145.710007,147.940002,145.690002,146.020004,144.208649,7794900,909
2021-09-30,145.880005,147.479996,144.419998,145.229996,143.428436,10133600,910
2021-10-01,145.220001,148,144.369995,147.059998,145.235733,8112300,911
2021-10-04,147.059998,147.619995,145.759995,147.139999,145.314774,7951000,912
2021-10-05,148,151,147.820007,149.460007,147.605972,10881900,913
2021-10-06,148,149.460007,147.509995,148.800003,146.954147,7610700,914
2021-10-07,150.300003,153.660004,150.259995,151.850006,149.966309,7958000,915
2021-10-08,152.220001,152.869995,150.669998,152.479996,150.588516,6333700,916
2021-10-11,151.990005,153.589996,150.059998,150.279999,148.415787,5551200,917
2021-10-12,152.419998,153.600006,151.300003,153.350006,151.447708,7408600,918
2021-10-13,154.320007,156.669998,153.160004,156.300003,154.36113,8456300,919
2021-10-14,158.179993,158.460007,156.25,157.139999,155.190689,6024500,920
2021-10-15,157.800003,158.330002,156.559998,158.009995,156.049911,5532100,921
2021-10-18,157.309998,159.470001,155.949997,159.429993,157.452271,5765300,922
2021-10-19,159.679993,159.929993,156.800003,157.820007,155.862274,6198200,923
2021-10-20,158.5,158.800003,157.320007,158.449997,156.484436,4487000,924
2021-10-21,158.449997,162.339996,158.279999,162.179993,160.168182,6121700,925
2021-10-22,162.279999,164.619995,162.279999,163.479996,161.452042,5323000,926
2021-10-25,163.229996,164.729996,162.660004,164.220001,162.182861,3878200,927
2021-10-26,164.820007,165.449997,163.119995,163.789993,161.758179,4711200,928
2021-10-27,163.649994,164.059998,161.660004,162.350006,160.336075,4163900,929
2021-10-28,163.009995,164.600006,162.809998,164.460007,162.419922,3762000,930
2021-10-29,163.059998,167.630005,163,167.289993,165.214783,6740600,931
2021-11-01,167.800003,168.800003,165.889999,166.330002,164.266693,3610800,932
2021-11-02,166.759995,168.160004,166.110001,167.830002,165.748093,5038000,933
2021-11-03,169,172.869995,168.649994,172.5,170.360153,7176700,934
2021-11-04,172.210007,175.630005,172,175.440002,173.263672,5460100,935
2021-11-05,175.729996,179.100006,175.5,177.509995,175.308014,5892200,936
2021-11-08,176.350006,176.539993,170.360001,171.850006,169.718246,8301100,937
2021-11-09,171.25,173.929993,170.949997,173.820007,171.663803,4343000,938
2021-11-10,171.229996,172.169998,167.550003,168.259995,166.172745,8185200,939
2021-11-11,169.600006,169.600006,166.630005,166.970001,164.898758,4994900,940
2021-11-12,167.5,169.679993,167.399994,169.089996,166.992477,5126300,941
2021-11-15,169.699997,170.360001,168.520004,168.850006,166.755447,3856700,942
2021-11-16,169.25,174,169.25,171.830002,169.698486,4401000,943
2021-11-17,171.600006,172.740005,170.25,171.740005,169.609589,3940200,944
2021-11-18,172.330002,173.460007,170.360001,171.350006,169.224442,4044200,945
2021-11-19,172.149994,177.199997,170.529999,174.880005,172.710648,6145600,946
2021-11-22,174.979996,177.75,174.229996,174.240005,172.078583,5906400,947
2021-11-23,173.050003,173.429993,170.410004,172.149994,170.014496,5302100,948
2021-11-24,168.490005,172.429993,167.669998,172.029999,169.895996,4637600,949
2021-11-26,168.059998,169.679993,167.539993,168.020004,165.935745,4751100,950
2021-11-29,169.830002,171.149994,169.229996,169.869995,167.762787,5448700,951
2021-11-30,168.789993,171.550003,167.529999,169.240005,167.140594,11033700,952
2021-12-01,170.889999,173.369995,166.679993,166.699997,164.632111,6618200,953
2021-12-02,167.279999,170.550003,167,170,167.891174,4398900,954
2021-12-03,170.619995,172.070007,166.759995,170.240005,168.430359,4878500,955
2021-12-06,170.830002,171.210007,168.059998,168.910004,167.114517,5636900,956
2021-12-07,171.110001,173.350006,170.399994,171.289993,169.469208,5898700,957
2021-12-08,171.220001,171.789993,169.839996,170.25,168.440262,5614400,958
2021-12-09,169.289993,171.169998,167.990005,168.100006,166.313141,5171600,959
2021-12-10,168.5,170.240005,167.330002,169.059998,167.262924,4791100,960
2021-12-13,168.809998,169.389999,165.259995,166.839996,165.066513,5972300,961
2021-12-14,166.289993,167.080002,164.210007,165.399994,163.64183,4872200,962
2021-12-15,165,165.669998,161.820007,163.899994,162.157761,7144600,963
2021-12-16,162.699997,165.940002,162.529999,162.720001,160.990311,7138100,964
2021-12-17,161.630005,162.860001,160.550003,161.360001,159.644775,7705100,965
2021-12-20,159.339996,159.600006,155.470001,156.979996,155.311325,8411900,966
2021-12-21,166.690002,171.190002,164.710007,166.630005,164.858765,13862900,967
2021-12-22,167.240005,169,164.089996,165.440002,163.681412,5811300,968
2021-12-23,166.25,167.160004,165.440002,165.669998,163.908966,3876900,969
2021-12-27,166.520004,167.690002,165.479996,167.580002,165.798645,3769300,970
2021-12-28,167.800003,168.25,166.300003,166.419998,164.650986,2658600,971
2021-12-29,167.070007,169.800003,166.600006,168.779999,166.985901,3830900,972
2021-12-30,168.309998,170.119995,167.199997,167.490005,165.70961,2666800,973
2021-12-31,167.559998,167.720001,166.210007,166.669998,164.898331,2752000,974
2022-01-03,167.529999,167.910004,163.309998,164.669998,162.919586,5670500,975
2022-01-04,165.880005,167.179993,165,166.389999,164.621292,6064200,976
2022-01-05,166.490005,167.009995,162.100006,162.25,160.525314,5021000,977
2022-01-06,162.089996,163.190002,159.059998,161.039993,159.328186,4144600,978
2022-01-07,160.770004,161.139999,156.860001,156.970001,155.301437,5108000,979
2022-01-10,150.520004,151.330002,148.779999,150.440002,148.840836,10439000,980
2022-01-11,150.479996,150.839996,147.600006,150.300003,148.702332,8175400,981
2022-01-12,152.130005,153.460007,150.740005,152.210007,150.592041,6351200,982
2022-01-13,153.199997,153.600006,149.020004,149.589996,147.999878,4990900,983
2022-01-14,148.389999,148.839996,146.850006,148.179993,146.604858,6030500,984
2022-01-18,148.059998,148.830002,146.300003,146.949997,145.387955,6931000,985
2022-01-19,147.759995,149.100006,145.020004,145.110001,143.56752,4823800,986
2022-01-20,145.460007,147.380005,142.5,142.729996,141.212799,5366500,987
2022-01-21,144.320007,146.360001,142.850006,142.949997,141.430466,7553400,988
2022-01-24,140.809998,146.309998,139.559998,146,144.448059,9733200,989
2022-01-25,144.970001,147.960007,142.509995,145.479996,143.933578,8195400,990
2022-01-26,147.779999,148.970001,142.729996,143.990005,142.459412,7444600,991
2022-01-27,144.990005,147.350006,143.580002,144.639999,143.102509,6396400,992
2022-01-28,144.119995,146.029999,140.610001,145.910004,144.359024,6130200,993
2022-01-31,146.270004,148.179993,145.220001,148.070007,146.496033,6932200,994
2022-02-01,149.5,149.679993,146.800003,148.220001,146.64444,6695000,995
2022-02-02,148.350006,149.460007,147.529999,148.710007,147.129257,5491700,996
2022-02-03,147.399994,148.460007,144.970001,145.309998,143.765366,5240200,997
2022-02-04,145.369995,146.479996,143.639999,145.389999,143.844513,4313400,998
2022-02-07,145.300003,146.119995,144.220001,145.139999,143.597183,3877500,999
2022-02-08,144.740005,145.5,142.300003,143.529999,142.004318,5829400,1000
2022-02-09,146.110001,147.360001,145.669998,146.259995,144.705261,4551000,1001
2022-02-10,143.960007,147.539993,143.850006,144.820007,143.280609,5142600,1002
2022-02-11,144.759995,145.059998,139.559998,140.179993,138.689896,6710500,1003
2022-02-14,140.080002,143.210007,139.789993,141.589996,140.08493,6841200,1004
2022-02-15,144.220001,146.320007,144.100006,145.580002,144.032516,7820200,1005
2022-02-16,145.020004,146.949997,144.610001,146.490005,144.932846,4817500,1006
2022-02-17,145.539993,146.910004,142.639999,142.800003,141.282059,5202300,1007
2022-02-18,143.369995,143.940002,141.809998,142.949997,141.430466,5177400,1008
2022-02-22,141.589996,141.639999,136.160004,138.190002,136.721069,9604500,1009
2022-02-23,139.660004,140.970001,136.509995,136.830002,135.375534,7636600,1010
2022-02-24,133,137.419998,130.929993,137.169998,135.711899,8417200,1011
2022-02-25,138.130005,139.220001,136.190002,138.800003,137.3246,5424500,1012
2022-02-28,137.059998,138.380005,135.039993,136.550003,135.098511,6613300,1013
2022-03-01,136.720001,136.75,131.149994,132.220001,130.814514,6534000,1014
2022-03-02,132.979996,136.610001,132.770004,135.679993,134.237732,7743900,1015
2022-03-03,136.740005,136.800003,133.449997,133.970001,132.545929,4576500,1016
2022-03-04,132.509995,133.619995,130.699997,131.179993,130.081726,7084500,1017
2022-03-07,131,131.029999,124.169998,124.440002,123.398155,11383400,1018
2022-03-08,125.239998,125.470001,120.800003,121.209999,120.195206,9089400,1019
2022-03-09,127.379997,129.649994,126.629997,126.949997,125.887138,8845100,1020
2022-03-10,124.019997,126.599998,124,126.029999,124.974846,7167400,1021
2022-03-11,127.010002,127.870003,122.510002,122.629997,121.60331,5882000,1022
2022-03-14,121.529999,122.449997,116.75,117.57,116.585678,13884900,1023
2022-03-15,119.839996,120.419998,117.75,119.400002,118.40036,10431300,1024
2022-03-16,122.849998,126.110001,121.93,125.190002,124.141884,11100400,1025
2022-03-17,124.940002,127.410004,123.699997,127.410004,126.3433,6845300,1026
2022-03-18,126.849998,131.460007,126.699997,131.240005,130.141235,10350900,1027
2022-03-21,129.720001,132.309998,128.619995,130.190002,129.100021,14388500,1028
2022-03-22,137.279999,139,132.990005,133.089996,131.975754,19731200,1029
2022-03-23,132.639999,135.399994,131.199997,133,131.88649,8068800,1030
2022-03-24,133.75,134.190002,131.199997,132.080002,130.974197,5853800,1031
2022-03-25,133.050003,133.869995,131.710007,133.699997,132.580643,6287000,1032
2022-03-28,133.759995,134.860001,132.169998,134.809998,133.681351,5804100,1033
2022-03-29,137.850006,139.75,136.949997,139.139999,137.975082,7275900,1034
2022-03-30,138.979996,139.860001,137.559998,138.539993,137.380096,5545800,1035
2022-03-31,137.830002,138.710007,134.5,134.559998,133.433426,7206500,1036
2022-04-01,134.449997,135.279999,132.75,133.520004,132.402145,5807500,1037
2022-04-04,133.050003,135.210007,132.860001,134.339996,133.215271,5307300,1038
2022-04-05,134.039993,134.679993,132.020004,132.300003,131.192368,5707800,1039
2022-04-06,130.050003,130.300003,126.330002,128.360001,127.285347,6961000,1040
2022-04-07,127.43,129.979996,127.089996,129.380005,128.296799,5320500,1041
2022-04-08,129.440002,129.929993,127.879997,128.149994,127.077087,4877400,1042
2022-04-11,125.099998,126.870003,124.32,124.980003,123.93364,6365400,1043
2022-04-12,125.199997,128.100006,124.339996,125.040001,123.993134,5146800,1044
2022-04-13,125.040001,127.860001,125.040001,127.489998,126.422623,5119300,1045
2022-04-14,129.080002,134.380005,128.889999,133.460007,132.342667,12811300,1046
2022-04-18,132,133.389999,130.309998,131.630005,130.527969,5298200,1047
2022-04-19,133.089996,137.479996,132.779999,137.050003,135.902588,7346100,1048
2022-04-20,137.960007,138.649994,135.660004,135.869995,134.732468,5309700,1049
2022-04-21,138.550003,139.139999,135.080002,135.460007,134.325912,6562400,1050
2022-04-22,134.330002,134.929993,128.710007,129.070007,127.98941,7321700,1051
2022-04-25,127.800003,128.940002,124.849998,127.940002,126.868858,6512500,1052
2022-04-26,126.949997,127.589996,120.480003,120.519997,119.510979,7977900,1053
2022-04-27,121.089996,124,121.089996,121.239998,120.224953,6007800,1054
2022-04-28,123.169998,127.970001,122.599998,127.050003,125.986313,6551600,1055
2022-04-29,126.220001,128.449997,124.25,124.699997,123.655975,5867900,1056
2022-05-02,124.43,126.18,122.800003,126.080002,125.024429,5428400,1057
2022-05-03,125.019997,125.760002,120.220001,122.860001,121.831383,8201200,1058
2022-05-04,122.540001,126.199997,120.080002,126.059998,125.004593,6924000,1059
2022-05-05,124.110001,124.75,116.519997,118.629997,117.636803,8411600,1060
2022-05-06,113.739998,115.900002,110.660004,114.489998,113.531456,11237500,1061
2022-05-09,112.970001,114.43,110.589996,111.209999,110.278923,7506000,1062
2022-05-10,113.029999,113.440002,108.349998,109.489998,108.573326,7526900,1063
2022-05-11,110.699997,111.150002,107.589996,107.919998,107.016472,6611800,1064
2022-05-12,105.18,109.879997,105,107.900002,106.996635,10245400,1065
2022-05-13,110.260002,113.110001,108.669998,113.010002,112.063858,9618800,1066
2022-05-16,112.980003,113.440002,111.559998,112.599998,111.657288,5722500,1067
2022-05-17,115.5,117.099998,113.07,115.900002,114.929665,6026100,1068
2022-05-18,112.5,113.360001,108.779999,109.370003,108.454338,8188300,1069
2022-05-19,108.949997,109.110001,106.279999,106.440002,105.548859,7702000,1070
2022-05-20,108.669998,109.690002,105.07,108,107.095802,7621900,1071
2022-05-23,107.470001,108.75,105.82,108.629997,107.720528,7136400,1072
2022-05-24,107.110001,107.989998,104.730003,107.290001,106.391747,6023400,1073
2022-05-25,103.459999,108.889999,103.459999,108.199997,107.294121,7158800,1074
2022-05-26,110,113.5,110,112.940002,111.994438,6520300,1075
2022-05-27,114.220001,116.010002,114.010002,115.989998,115.018898,5043000,1076
2022-05-31,117.5,119.790001,114.449997,118.849998,117.854958,13774600,1077
2022-06-01,119.830002,120.75,117.610001,118.68,117.686386,5543100,1078
2022-06-02,119.510002,123.580002,119.260002,123.410004,122.376785,5838100,1079
2022-06-03,120.209999,122.540001,120,120.949997,120.234535,5201500,1080
2022-06-06,121.5,122.139999,119.43,120.230003,119.518791,3963400,1081
2022-06-07,118.660004,121.970001,118.459999,121.669998,120.950272,5373600,1082
2022-06-08,120.900002,123.82,120.449997,122.400002,121.675957,4365800,1083
2022-06-09,121.349998,122.029999,118.589996,118.599998,117.89843,3892600,1084
2022-06-10,117.089996,117.089996,114.260002,114.730003,114.051323,6292600,1085
2022-06-13,110.389999,112.019997,109.239998,110.440002,109.786705,6423100,1086
2022-06-14,110.370003,111.889999,110.010002,110.720001,110.065048,4548400,1087
2022-06-15,112.160004,114.720001,111.209999,113.440002,112.768959,4828700,1088
2022-06-16,109.510002,109.900002,105.720001,107.120003,106.486351,7384800,1089
2022-06-17,106.150002,108.550003,105.849998,107.339996,106.705032,10256800,1090
2022-06-21,108.459999,109.82,108.040001,108.68,108.037117,6211400,1091
2022-06-22,105.400002,106.900002,104.610001,104.919998,104.299355,9884000,1092
2022-06-23,105.010002,108.099998,104.410004,108,107.361137,8898400,1093
2022-06-24,109.93,112.940002,109.610001,112.910004,112.242096,10463700,1094
2022-06-27,112.239998,113.209999,109.839996,110.5,109.846352,12644700,1095
2022-06-28,108.199997,114.050003,102.480003,102.779999,102.172012,31296500,1096
2022-06-29,102.989998,105.610001,101.529999,103.25,102.639236,10326600,1097
2022-06-30,101.940002,103.379997,100.779999,102.199997,101.595444,9027400,1098
2022-07-01,101.639999,102.5,99.529999,101.18,100.581482,7934300,1099
2022-07-05,100.449997,104.379997,100.110001,104.32,103.702904,9948800,1100
2022-07-06,104.889999,105.720001,103.449997,104.230003,103.613441,6432900,1101
2022-07-07,105.650002,108.279999,105.269997,108.129997,107.490372,7633900,1102
2022-07-08,106.580002,108.610001,106.510002,107.93,107.29155,5938600,1103
2022-07-11,106.599998,107.089996,104.870003,105.110001,104.488235,4935200,1104
2022-07-12,105.010002,105.860001,103.150002,103.760002,103.146217,6017400,1105
2022-07-13,101.940002,105.879997,101.559998,105.110001,104.488235,5299400,1106
2022-07-14,103.110001,103.800003,101.849998,103.220001,102.609413,6951300,1107
2022-07-15,104.760002,105.620003,103.93,104.699997,104.08065,7862000,1108
2022-07-18,106.190002,106.68,103.68,103.940002,103.325157,6834800,1109
2022-07-19,105.599998,109.580002,105.43,109.190002,108.544098,8973900,1110
2022-07-20,109.220001,111.629997,108.870003,111.110001,110.452736,5884600,1111
2022-07-21,110.370003,111.669998,110.07,111.620003,110.959724,4291400,1112
2022-07-22,111.93,111.93,108.75,109.120003,108.474518,6039300,1113
2022-07-25,109.610001,109.610001,107.68,109.279999,108.63356,5079500,1114
2022-07-26,107.480003,107.93,104.57,105.199997,104.577698,8459500,1115
2022-07-27,106.300003,108.379997,105.75,107.860001,107.22197,7437000,1116
2022-07-28,109.43,112.400002,108.029999,112.230003,111.566116,6773500,1117
2022-07-29,112.760002,115.209999,111.5,114.919998,114.240196,7560000,1118
2022-08-01,114,115.550003,113.25,114.300003,113.623871,4802900,1119
2022-08-02,113.57,113.779999,111.669998,111.769997,111.108833,6334400,1120
2022-08-03,113.419998,115.099998,112.580002,114.279999,113.603989,5986500,1121
2022-08-04,114.639999,115.349998,113.830002,114.480003,113.802811,4332000,1122
2022-08-05,112.790001,114.300003,112.57,113.870003,113.196411,4162200,1123
2022-08-08,114,115.580002,113.309998,114,113.325645,6071600,1124
2022-08-09,111.32,111.75,108.82,110.110001,109.458656,7377600,1125
2022-08-10,113.239998,113.830002,111.860001,113.139999,112.470734,6951800,1126
2022-08-11,114.879997,116.75,113.730003,114.099998,113.425049,5582100,1127
2022-08-12,114.389999,116.129997,113.769997,116.07,115.3834,4407900,1128
2022-08-15,115.449997,116.580002,114.849998,116.32,115.63192,4279000,1129
2022-08-16,115.940002,118.470001,115.809998,118.059998,117.361626,6189800,1130
2022-08-17,116.769997,117.980003,116.410004,117.040001,116.347664,5108400,1131
2022-08-18,116,116.68,115.300003,116.010002,115.323753,4750200,1132
2022-08-19,115.5,115.650002,113.029999,113.160004,112.490616,5967600,1133
2022-08-22,111.019997,111.68,109.839996,110.339996,109.687286,5802900,1134
2022-08-23,110.839996,112.830002,110.57,110.68,110.025284,4806700,1135
2022-08-24,110.68,112.43,110.019997,111.410004,110.750969,4769000,1136
2022-08-25,111.900002,113.339996,111.389999,113.220001,112.550262,5433700,1137
2022-08-26,113.309998,113.730003,108.230003,108.279999,107.639473,6203600,1138
2022-08-29,106.809998,108.540001,106.440002,107.879997,107.241844,4132400,1139
2022-08-30,108.970001,110.080002,107.129997,107.860001,107.22197,5129500,1140
2022-08-31,107.959999,108.010002,105.809998,106.449997,105.820297,8884800,1141
2022-09-01,105.800003,106.550003,103.800003,106.489998,105.860062,5590800,1142
2022-09-02,107.459999,108.150002,105.050003,105.739998,105.416428,7763800,1143
2022-09-06,105.440002,106.410004,103.68,105.150002,104.828239,9158900,1144
2022-09-07,105.080002,108.559998,105,108.480003,108.148048,7238300,1145
2022-09-08,107,108.790001,106.080002,108.730003,108.397285,5628300,1146
2022-09-09,109.379997,111.690002,109.300003,110.970001,110.630424,5171500,1147
2022-09-12,111.379997,113.360001,111.379997,112.379997,112.03611,4836900,1148
2022-09-13,108.839996,108.910004,105.440002,105.720001,105.396492,5955600,1149
2022-09-14,106.129997,107.360001,105.150002,107,106.672577,4888700,1150
2022-09-15,106.150002,108.139999,104.830002,105.5,105.177162,6598900,1151
2022-09-16,104.07,105.290001,103.25,104.120003,103.801392,8000800,1152
2022-09-19,103.690002,107.370003,103.330002,107.209999,106.881935,5162300,1153
2022-09-20,103.82,104.440002,101.709999,102.419998,102.10659,10006600,1154
2022-09-21,102.669998,103.629997,99.769997,99.790001,99.484642,6279300,1155
2022-09-22,99.790001,100.209999,97.830002,98.550003,98.248436,9638800,1156
2022-09-23,96.919998,97.540001,95.339996,97.019997,96.723114,9026500,1157
2022-09-26,96.089996,97.730003,95.709999,96.059998,95.766052,8521600,1158
2022-09-27,97.07,97.739998,95,96.290001,95.995346,9890300,1159
2022-09-28,97.110001,99.43,96.760002,98.699997,98.397972,9423300,1160
2022-09-29,98.110001,98.110001,94.480003,95.330002,95.038284,19339200,1161
2022-09-30,83.300003,86.199997,82.5,83.120003,82.865654,48176100,1162
2022-10-03,83.129997,86.470001,82.220001,85.400002,85.138672,19108200,1163
2022-10-04,87.699997,89.07,87.110001,88.639999,88.368759,15114800,1164
2022-10-05,87.489998,91.699997,87.150002,91.099998,90.821228,12732700,1165
2022-10-06,90.489998,92.639999,89.809998,90.169998,89.894073,9951900,1166
2022-10-07,88.540001,88.760002,86.690002,87.160004,86.893288,8554700,1167
2022-10-10,87.760002,87.779999,85.07,86.690002,86.424728,7991200,1168
2022-10-11,86.040001,88.25,85.75,87.989998,87.720741,11903200,1169
2022-10-12,88,88.879997,87.309998,88.510002,88.239159,8772900,1170
2022-10-13,86.389999,89.809998,86.050003,89.559998,89.285942,9335000,1171
2022-10-14,90.510002,90.879997,87.489998,87.550003,87.282097,7811700,1172
2022-10-17,89.529999,90.690002,88.699997,89.970001,89.694687,8451900,1173
2022-10-18,92.599998,92.910004,89.150002,89.68,89.405579,7364700,1174
2022-10-19,88.260002,89.739998,87.760002,88.57,88.298973,5102000,1175
2022-10-20,89.470001,90.580002,86.610001,86.830002,86.564301,13500000,1176
2022-10-21,87.019997,88.779999,86.709999,88.5,88.229187,7976300,1177
2022-10-24,87.790001,88.839996,86.239998,88.010002,87.740685,8847100,1178
2022-10-25,88.029999,91.93,87.889999,91.720001,91.439331,8639900,1179
2022-10-26,90.779999,94.349998,90.699997,92.389999,92.107285,8648200,1180
2022-10-27,92.879997,93.480003,90.220001,90.540001,90.262947,8617900,1181
2022-10-28,91.199997,93.879997,90.459999,93.830002,93.542877,6022400,1182
2022-10-31,93,93.889999,92.68,92.68,92.396393,6426400,1183
2022-11-01,95.690002,96.459999,92.970001,93.769997,93.483055,7250700,1184
2022-11-02,93.129997,94.440002,90.190002,90.300003,90.023682,7176600,1185
2022-11-03,89.970001,91.610001,88.720001,90.400002,90.123375,6550300,1186
2022-11-04,94.449997,98.230003,93.949997,95.790001,95.49688,12543300,1187
2022-11-07,96.309998,96.870003,92.669998,93.440002,93.154076,9094500,1188
2022-11-08,94.440002,96.029999,92.940002,93.75,93.46312,7017800,1189
2022-11-09,92.669998,93.900002,91.959999,92.099998,91.818169,6550900,1190
2022-11-10,96.330002,99.68,96.230003,99.489998,99.185555,9361000,1191
2022-11-11,100.309998,107.209999,100.139999,106.089996,105.765358,12597500,1192
2022-11-14,105.199997,106.440002,104.32,104.389999,104.070564,7134900,1193
2022-11-15,107.989998,109.309998,105.529999,106.709999,106.383461,7242900,1194
2022-11-16,105.25,106.599998,104.769997,105.230003,104.907997,5998700,1195
2022-11-17,104.110001,105.400002,102.919998,105.360001,105.037598,5252900,1196
2022-11-18,107.629997,107.720001,104.169998,105.419998,105.097412,5498900,1197
2022-11-21,104.610001,105.480003,103.599998,103.830002,103.512276,4774800,1198
2022-11-22,104.620003,106.160004,103.839996,105.970001,105.645729,5313200,1199
2022-11-23,106,106.980003,105.230003,106.650002,106.323647,3873100,1200
2022-11-25,106.449997,107.18,105.559998,105.959999,105.635757,3426100,1201
2022-11-28,105.25,106.300003,104.650002,104.959999,104.638817,6967400,1202
2022-11-29,105.370003,106.82,105.120003,106.25,105.924873,8494400,1203
2022-11-30,107.080002,109.690002,105.449997,109.690002,109.354347,16251000,1204
2022-12-01,110.089996,111.860001,109.550003,111.110001,110.769997,7822900,1205
2022-12-02,108.650002,112.709999,108.339996,112.199997,112.199997,5892000,1206
2022-12-05,111.019997,111.129997,109.190002,109.620003,109.620003,6220100,1207
2022-12-06,109.650002,110.529999,106.75,107.93,107.93,7086100,1208
2022-12-07,107.32,109.120003,107.059998,108.330002,108.330002,5751500,1209
2022-12-08,108.599998,111.489998,108.459999,111.360001,111.360001,6192800,1210
2022-12-09,110.220001,111.379997,109.260002,109.419998,109.419998,5677700,1211
2022-12-12,110.099998,112.169998,109.709999,112.07,112.07,6426000,1212
2022-12-13,115.610001,116.449997,111.25,112.849998,112.849998,8655300,1213
2022-12-14,113.699997,114.120003,110.230003,111.449997,111.449997,7528500,1214
2022-12-15,109.190002,109.620003,107.730003,108.510002,108.510002,7500700,1215
2022-12-16,106.870003,107.610001,105.120003,105.949997,105.949997,14083600,1216
2022-12-19,104.989998,105.510002,102.449997,103.050003,103.050003,10620300,1217
2022-12-20,103,103.400002,101.68,103.209999,103.209999,17147900,1218
2022-12-21,116.760002,119.18,115.339996,115.779999,115.779999,32777300,1219
2022-12-22,114.290001,116.82,114.059998,116.709999,116.709999,17147600,1220
2022-12-23,116.110001,117.169998,115.779999,116.25,116.25,6603700,1221
2022-12-27,116.470001,118.199997,115.82,117.559998,117.559998,6661100,1222
2022-12-28,117.580002,118.239998,114.959999,114.980003,114.980003,5437800,1223
2022-12-29,116.080002,118.07,115.800003,117.349998,117.349998,4588600,1224
2022-12-30,116.559998,117.25,115.769997,117.010002,117.010002,4353100,1225
2023-01-03,118.550003,119.489998,117.440002,118.75,118.75,8124800,1226
2023-01-04,119.959999,122.230003,119.529999,121.209999,121.209999,8550700,1227
2023-01-05,120.279999,122.339996,120.080002,120.620003,120.620003,6046700,1228
2023-01-06,122,125.360001,121.769997,124.529999,124.529999,10078500,1229
2023-01-09,125,126.610001,124.550003,124.849998,124.849998,9397900,1230
2023-01-10,125.209999,126.330002,124.370003,125.839996,125.839996,5899900,1231
2023-01-11,126.32,128.259995,126.010002,127.940002,127.940002,6989200,1232
2023-01-12,128.350006,128.460007,126.459999,127.889999,127.889999,8366400,1233
2023-01-13,126.660004,129.229996,126.660004,128.850006,128.850006,4854700,1234
2023-01-17,128,129.050003,127.830002,128.139999,128.139999,6172200,1235
2023-01-18,127.800003,128.589996,126,126.43,126.43,6828800,1236
2023-01-19,124.790001,125.440002,123.610001,124.529999,124.529999,5273500,1237
2023-01-20,124.68,126.639999,124.040001,126.620003,126.620003,5664900,1238
2023-01-23,126.900002,128.75,126.540001,128.289993,128.289993,5581600,1239
2023-01-24,123.580002,128.009995,112.360001,126.830002,126.830002,5486200,1240
2023-01-25,125.860001,127.010002,124.830002,126.82,126.82,5933700,1241
2023-01-26,128.460007,128.990005,126.010002,127.529999,127.529999,5838800,1242
2023-01-27,127.07,128.580002,126.699997,127.529999,127.529999,5728900,1243
2023-01-30,126.5,127.559998,126.209999,126.370003,126.370003,6494600,1244
2023-01-31,126.419998,127.849998,126.010002,127.330002,127.330002,7686900,1245
2023-02-01,127.900002,130.220001,126.220001,129.5,129.5,6387900,1246
2023-02-02,130.449997,131.309998,127.860001,129.059998,129.059998,5214500,1247
2023-02-03,126.790001,129.419998,126.440002,127.610001,127.610001,4929900,1248
2023-02-06,125.519997,126.099998,124.32,125.730003,125.730003,4666400,1249
2023-02-07,123.959999,125.93,123.25,125.330002,125.330002,5288900,1250
2023-02-08,123.379997,124.099998,121.800003,122.910004,122.910004,5877800,1251
2023-02-09,124.709999,125.019997,121.5,122.18,122.18,5929000,1252
2023-02-10,121.510002,122.639999,120.540001,122.230003,122.230003,5195000,1253
2023-02-13,122.82,125.720001,122.459999,125.150002,125.150002,5689800,1254
2023-02-14,123.949997,126.360001,123.739998,126.199997,126.199997,4845900,1255
2023-02-15,124.900002,127.5,124.900002,127.480003,127.480003,5689700,1256
2023-02-16,125.43,127.209999,124.110001,124.379997,124.379997,4722200,1257
2023-02-17,123.709999,124.889999,123.440002,124.839996,124.839996,5161500,1258